iso3,country,year,hiv_prevalence_pct_15_49,health_expenditure_per_capita_usd,secondary_school_enrollment_pct,urban_population_pct,gdp_per_capita_usd,unemployment_rate_pct
AGO,Angola,2000,1.4,13.15998554,13.3690700531006,50.5070653484197,563.733795571487,16.646
AGO,Angola,2001,1.4,29.26095772,15.0013399124146,51.7224790407329,533.586202412447,16.668
AGO,Angola,2002,1.5,29.37077141,16.1495990753174,52.8926234794038,999.065855956628,16.432
AGO,Angola,2003,1.5,35.2206955,,54.0043545370761,1133.66331960414,16.445
AGO,Angola,2004,1.6,50.23310852,,55.0445280863936,1451.47117870872,16.313
AGO,Angola,2005,1.6,54.66142273,,56.0,2145.88621098663,16.295
AGO,Angola,2006,1.6,70.28185272,,56.8939032662772,2930.44428606516,16.123
AGO,Angola,2007,1.7,93.42698669,,57.7564632930133,3515.05678985496,16.066
AGO,Angola,2008,1.7,136.34094238,22.7990207672119,58.5851745819614,4578.15526451058,16.152
AGO,Angola,2009,1.7,120.5289917,24.3320198059082,59.3775316348744,3645.14846565169,16.383
AGO,Angola,2010,1.7,96.95197296,28.2108038778932,60.1310289535053,4101.63715564669,16.595
AGO,Angola,2011,1.8,122.11888123,29.6869517832747,60.8431610396073,5184.15269151846,16.77
AGO,Angola,2012,1.8,121.84848022,,61.5114223949332,5702.45306277434,16.539
AGO,Angola,2013,1.8,142.78450012,,62.1333075212361,5688.57916213471,16.464
AGO,Angola,2014,1.8,130.5861969,,62.723115793241,5649.68762467535,16.372
AGO,Angola,2015,1.8,107.52857208,,63.51567832685,3641.72893920253,16.472
AGO,Angola,2016,1.8,94.01481628,54.4167987304753,64.2992302517989,2082.37343594705,16.572
AGO,Angola,2017,1.8,112.75364685,,65.0850525086068,2832.14997950512,16.617
AGO,Angola,2018,1.7,83.87555695,,65.8732136723372,2891.83032378747,16.602
AGO,Angola,2019,1.7,64.4466095,,66.6637823180533,2507.86807213642,16.497
AGO,Angola,2020,1.7,56.01641846,,67.4568270208187,1749.1794838482,16.696
AGO,Angola,2021,1.7,66.94487,53.1351542727131,68.2524163556969,2266.96834861584,15.799
AGO,Angola,2022,1.6,103.94506073,,69.0506188977513,3598.53669077341,14.124
BDI,Burundi,2000,3.4,5.67927122,,8.04381449833197,134.537861752389,3.137
BDI,Burundi,2001,3.1,7.50815582,9.41998958587646,8.24107308668089,132.159554541932,3.154
BDI,Burundi,2002,2.8,6.46998882,9.92739963531494,8.45108277415092,120.952308575468,3.168
BDI,Burundi,2003,2.6,5.87316799,10.2563495635986,8.67614339385788,111.406682804391,3.145
BDI,Burundi,2004,2.4,8.88248062,11.8093099594116,8.9185547789176,125.194965184533,3.177
BDI,Burundi,2005,2.2,11.13118172,12.9770698547363,9.1806167624459,147.234619294225,3.162
BDI,Burundi,2006,2.0,14.10514736,14.3381099700928,9.4646291775586,161.892755640319,3.185
BDI,Burundi,2007,1.9,15.26294613,15.3361196517944,9.77289185737152,166.162744906755,2.404
BDI,Burundi,2008,1.8,14.67025566,,10.1064353383035,189.502074570768,1.634
BDI,Burundi,2009,1.7,18.31996346,20.8934001922607,10.4979900434482,198.431524048225,1.622
BDI,Burundi,2010,1.6,24.45114708,23.7647094726562,10.9843097335487,216.727705301976,1.615
BDI,Burundi,2011,1.6,23.16802216,26.7943801879883,11.5616652230006,230.069761381132,1.602
BDI,Burundi,2012,1.5,20.01195908,29.5732898712158,12.2244596804615,231.098787811507,1.593
BDI,Burundi,2013,1.4,20.26322556,34.2124507321275,12.9670962745892,234.844770150871,1.584
BDI,Burundi,2014,1.4,18.06601143,40.2641258748146,13.7839781740413,250.544492155185,1.572
BDI,Burundi,2015,1.3,17.67629051,43.9351929825496,14.6695085474754,254.402585226788,1.449
BDI,Burundi,2016,1.2,18.59472847,47.4715342848197,15.6180905635494,232.937812100153,1.352
BDI,Burundi,2017,1.2,19.16676521,48.2243487332289,16.6241273909209,246.060725714184,1.25
BDI,Burundi,2018,1.1,18.67819214,46.330394174756,17.6820221982475,245.661678332009,1.147
BDI,Burundi,2019,1.1,22.2435379,41.8352417514484,18.786178154187,234.31061590725,1.043
BDI,Burundi,2020,1.0,26.21934319,44.9151717353101,19.9309984273971,252.702452750006,1.03
BDI,Burundi,2021,0.9,23.11420059,,21.1108861865354,264.172844085398,1.118
BDI,Burundi,2022,0.9,25.52155113,,22.3202446002597,301.832255755105,0.909
BEN,Benin,2000,1.5,14.42371464,20.0005397796631,38.2759517258875,487.424141384242,0.864
BEN,Benin,2001,1.4,16.26979828,21.7104396820068,38.6186257669218,492.401499509072,0.766
BEN,Benin,2002,1.4,16.9179287,23.5846691131592,39.0035069872981,546.463829658159,0.69
BEN,Benin,2003,1.4,21.06955719,24.9001197814941,39.4169696013044,676.002878084282,0.747
BEN,Benin,2004,1.3,24.52665329,26.7041492462158,39.8525699078742,758.695803786371,0.79
BEN,Benin,2005,1.3,25.12485313,,40.3097749006517,779.437777753268,0.859
BEN,Benin,2006,1.2,26.60264206,,40.7877794072449,809.147072506221,0.888
BEN,Benin,2007,1.2,26.79680061,,41.2857782552618,912.338247188342,0.902
BEN,Benin,2008,1.1,28.12486076,,41.8029662723105,1060.60254502099,0.895
BEN,Benin,2009,1.1,29.69425583,,42.338538285999,1024.10277858112,0.95
BEN,Benin,2010,1.1,29.37720871,,42.8916891239353,973.244254931526,1.04
BEN,Benin,2011,1.1,31.76816368,45.7294692993164,43.4616136137276,1059.41358852588,2.647
BEN,Benin,2012,1.1,32.95616913,,44.0475065829838,1071.5258366283,2.458
BEN,Benin,2013,1.1,33.53426743,52.0378494262695,44.6502883669319,1168.92699279226,2.198
BEN,Benin,2014,1.0,32.41182327,52.5952682495117,45.2880529235999,1204.39918670094,1.952
BEN,Benin,2015,1.0,27.34733391,55.1333084106445,45.9407403257663,1002.41886879614,1.886
BEN,Benin,2016,1.0,36.58565903,55.2945899963379,46.6094559006664,1010.5338961993,1.834
BEN,Benin,2017,0.9,38.75862122,,47.2942774880391,1054.97408066814,1.691
BEN,Benin,2018,0.9,39.54786301,,47.9952829275963,1151.7409703472,1.426
BEN,Benin,2019,0.9,33.9457283,,48.7125500590248,1130.82135339795,1.214
BEN,Benin,2020,0.8,36.62052536,43.9858703613281,49.4461567219896,1200.19426557789,1.518
BEN,Benin,2021,0.8,38.45053101,44.2737998962402,50.1961807561354,1318.65158075198,1.833
BEN,Benin,2022,0.7,37.76291275,43.5606498718262,50.9627000010887,1266.42711031904,1.685
BFA,Burkina Faso,2000,1.9,10.00902748,9.85589981079102,18.0003503329444,248.908526921752,2.687
BFA,Burkina Faso,2001,1.8,10.27519512,10.0396404266357,18.8591452143893,259.485223380436,2.748
BFA,Burkina Faso,2002,1.6,11.93992615,,19.725053583448,285.654087637533,2.862
BFA,Burkina Faso,2003,1.5,16.02656555,11.2848196029663,20.563327262892,362.373899996953,2.78
BFA,Burkina Faso,2004,1.4,21.12279129,12.3676996231079,21.3392180754924,403.81283743461,3.48
BFA,Burkina Faso,2005,1.3,21.34285545,13.3723297119141,22.0179778440204,441.164148016012,4.0
BFA,Burkina Faso,2006,1.2,23.55202866,14.1544599533081,22.5528306908743,455.513655620024,3.67
BFA,Burkina Faso,2007,1.2,29.72483063,15.2793703079224,22.9741760828193,514.684451177238,3.3
BFA,Burkina Faso,2008,1.1,30.76880074,17.9947395324707,23.3633747838557,619.437533256264,3.501
BFA,Burkina Faso,2009,1.1,31.26260567,19.4353504180908,23.7452325601116,601.569520671859,3.723
BFA,Burkina Faso,2010,1.0,33.05819321,21.1780201888507,24.115092498158,624.957252224766,3.725
BFA,Burkina Faso,2011,1.0,33.70409393,23.1764371916742,24.4682976845657,725.024767725475,3.827
BFA,Burkina Faso,2012,0.9,33.66717529,25.2399681000378,24.8001912059054,731.470138867833,3.849
BFA,Burkina Faso,2013,0.9,42.26796341,27.6008880705968,25.106116148748,759.762065168498,4.054
BFA,Burkina Faso,2014,0.8,38.24516678,29.5668744354491,25.3814155996643,764.861675106225,4.255
BFA,Burkina Faso,2015,0.8,32.3375206,32.8931343608996,25.621432645225,630.124750752312,4.472
BFA,Burkina Faso,2016,0.8,39.50990677,34.9336280775566,25.821510372001,663.742364842886,4.598
BFA,Burkina Faso,2017,0.7,43.37775803,37.1627510802261,25.9769918665632,709.091535894695,4.662
BFA,Burkina Faso,2018,0.7,38.48573303,39.6278467471779,26.0832202154822,777.465618514048,4.695
BFA,Burkina Faso,2019,0.7,41.06895828,40.0770460332282,26.1187254401157,764.853077774946,4.493
BFA,Burkina Faso,2020,0.6,57.17589188,39.2540084845692,26.3578373628627,825.237038782475,4.59
BFA,Burkina Faso,2021,0.6,63.59171295,38.1480312365517,26.8114307743017,895.535288442991,4.511
BFA,Burkina Faso,2022,0.6,64.38339996,33.6212866168282,27.2791369742712,827.330843486661,3.828
BWA,Botswana,2000,25.9,206.93144226,76.1968231201172,53.2047727398794,3450.81180622992,15.88
BWA,Botswana,2001,25.7,203.01203918,75.3002014160156,54.0489894446035,3206.07123689853,18.54
BWA,Botswana,2002,25.3,206.11392212,75.8795700073242,55.0142988603802,3117.25087183011,21.277
BWA,Botswana,2003,24.9,269.58544922,76.5648727416992,56.0979233496432,4230.12326909926,23.8
BWA,Botswana,2004,24.5,297.2512207,78.3988189697266,57.2582489329358,4956.69287735214,21.755
BWA,Botswana,2005,24.2,281.38796997,79.5636215209961,58.4535554684584,5391.07076619634,19.852
BWA,Botswana,2006,23.9,258.01873779,81.6948394775391,59.6421228144112,5291.58379144849,17.782
BWA,Botswana,2007,23.6,305.22042847,82.4867095947266,60.7822308289942,5529.12574632532,16.976
BWA,Botswana,2008,23.4,324.54284668,77.806510925293,61.8321593704079,5503.07395314313,16.293
BWA,Botswana,2009,23.2,336.53146362,,62.7501882968523,5082.93388332404,16.169
BWA,Botswana,2010,23.0,389.55178833,,63.4945974665277,6215.73216077919,17.86
BWA,Botswana,2011,22.8,427.70709229,,64.0187810722889,7287.38295334919,18.049
BWA,Botswana,2012,22.7,418.82244873,,64.3993247826904,6595.53845015424,17.916
BWA,Botswana,2013,22.4,433.29150391,,64.7579735458393,6666.91219583487,18.167
BWA,Botswana,2014,22.1,418.82452393,,65.0965122400825,7122.36423421503,18.484
BWA,Botswana,2015,21.8,374.79058838,,65.4103584313295,6141.20394726616,18.915
BWA,Botswana,2016,21.4,389.3107605,,65.6949296854899,6749.05994339013,19.328
BWA,Botswana,2017,20.9,471.05056763,,65.9456435684731,7104.96401088027,19.671
BWA,Botswana,2018,20.3,447.4473877,,66.1579176461888,7407.95940141786,19.665
BWA,Botswana,2019,19.7,438.28546143,,66.3271694845464,7172.08956480028,20.094
BWA,Botswana,2020,19.0,386.28860474,,66.4488166494554,6323.2974967659,21.017
BWA,Botswana,2021,18.2,492.14276123,70.6292572021484,66.5182767068255,7807.88794570471,23.106
BWA,Botswana,2022,17.4,477.77633667,,66.5889787170477,8328.7090572666,23.615
CAF,Central African Republic,2000,7.5,9.9123354,,37.7014879765364,239.154133726071,5.722
CAF,Central African Republic,2001,7.3,9.20995235,10.9798498153687,37.7560236207831,237.951702544735,5.77
CAF,Central African Republic,2002,7.0,10.44132614,10.9962396621704,37.8169752995511,248.639290978403,5.809
CAF,Central African Republic,2003,6.7,12.15000153,,37.8863171931924,278.403992150941,5.809
CAF,Central African Republic,2004,6.4,12.96809387,,37.9626889392062,303.461321152782,5.729
CAF,Central African Republic,2005,6.0,13.93517494,,38.0448510426866,311.950023138687,5.691
CAF,Central African Republic,2006,5.7,15.15495491,,38.134433681123,333.942519903031,5.61
CAF,Central African Republic,2007,5.5,18.24629021,,38.2343339436079,380.887048839475,5.562
CAF,Central African Republic,2008,5.2,18.02888489,,38.3474489192338,437.24827472489,5.51
CAF,Central African Republic,2009,5.1,21.37773895,11.9955196380615,38.476675697093,456.471673898404,5.575
CAF,Central African Republic,2010,4.9,17.01008034,,38.6244963104203,476.873786950728,5.658
CAF,Central African Republic,2011,4.6,19.62990761,15.9189596176147,38.8030669465007,534.057281471636,5.638
CAF,Central African Republic,2012,4.4,21.33021736,15.6197595596313,39.0301696038517,544.395849142785,5.58
CAF,Central African Republic,2013,4.2,17.36794472,,39.3042963482777,364.36696260838,5.566
CAF,Central African Republic,2014,4.0,18.7120266,,39.6226521868738,409.8504859647,5.633
CAF,Central African Republic,2015,3.8,18.44194221,,39.9824421267351,366.322853938121,5.775
CAF,Central African Republic,2016,3.6,21.07796097,13.9465503692627,40.3808711749566,387.176203444318,5.793
CAF,Central African Republic,2017,3.4,28.81619644,15.8074398040772,40.8151443386334,432.324025684263,5.836
CAF,Central African Republic,2018,3.3,51.3541069,,41.2824666248606,455.243962859534,5.825
CAF,Central African Republic,2019,3.1,35.76099014,,41.7800430407332,449.228467602439,5.916
CAF,Central African Republic,2020,3.0,42.63476563,,42.3050785933463,462.879071294011,6.519
CAF,Central African Republic,2021,2.8,46.25038147,,42.8547782897949,492.263142830507,6.701
CAF,Central African Republic,2022,2.7,47.91523361,,43.2751967457285,467.359825026238,6.287
CIV,Cote d'Ivoire,2000,6.7,30.33073425,,43.0840065011913,936.636541348798,4.835
CIV,Cote d'Ivoire,2001,6.4,30.58369255,,43.4670149035012,924.727294962066,5.195
CIV,Cote d'Ivoire,2002,6.0,32.55319595,,43.859032147728,967.815864415991,5.508
CIV,Cote d'Ivoire,2003,5.7,43.81231308,,44.2593744150531,1111.17135087887,5.847
CIV,Cote d'Ivoire,2004,5.3,47.04700851,,44.667357886658,1199.82524528546,5.915
CIV,Cote d'Ivoire,2005,4.9,46.69436264,,45.082298743724,1197.74616979415,6.023
CIV,Cote d'Ivoire,2006,4.6,47.08904266,,45.5035131674326,1230.43056838584,6.017
CIV,Cote d'Ivoire,2007,4.3,56.15083694,,45.930317338965,1367.53817722326,6.284
CIV,Cote d'Ivoire,2008,4.0,64.67678833,,46.3620274395029,1583.97066701372,6.382
CIV,Cote d'Ivoire,2009,3.8,71.06480408,,46.7979596502274,1540.45393569596,6.573
CIV,Cote d'Ivoire,2010,3.6,70.04605103,,47.2374301523201,1553.54887048143,6.607
CIV,Cote d'Ivoire,2011,3.4,67.97618103,,47.6797551269623,1596.62826565998,7.144
CIV,Cote d'Ivoire,2012,3.2,69.86203003,,48.1242507553354,1546.9460184731,7.223
CIV,Cote d'Ivoire,2013,3.1,67.13149261,,48.5702332186208,1786.15862031324,4.255
CIV,Cote d'Ivoire,2014,2.9,74.3581543,40.4629922041554,49.0173144557368,1991.36539423404,3.274
CIV,Cote d'Ivoire,2015,2.7,58.43181992,43.9865647318392,49.4694894689553,1814.71855088017,2.573
CIV,Cote d'Ivoire,2016,2.6,61.85705566,46.2425069943643,49.929991034032,1862.59597081287,1.896
CIV,Cote d'Ivoire,2017,2.5,63.77943039,49.0863555848622,50.3977309654344,1964.29930338343,3.272
CIV,Cote d'Ivoire,2018,2.3,65.87952423,51.072614509286,50.8718477756395,2130.86619381144,2.852
CIV,Cote d'Ivoire,2019,2.2,68.30471039,53.791930617454,51.3514799771241,2141.76836170115,2.401
CIV,Cote d'Ivoire,2020,2.1,78.97766876,55.4380323721262,51.8357660823651,2179.72934832935,2.588
CIV,Cote d'Ivoire,2021,2.0,92.39588928,57.135967003236,52.3183461956059,2455.98127641148,2.623
CIV,Cote d'Ivoire,2022,1.9,84.89915466,54.0714108290486,52.8492549676673,2333.37128301259,2.31
CMR,Cameroon,2000,5.5,30.438097,28.4606399536133,46.2449829402599,708.565731625965,7.533
CMR,Cameroon,2001,5.6,29.82297325,33.5832786560059,46.7627509050978,715.470296470585,7.46
CMR,Cameroon,2002,5.7,31.79577446,29.3418807983398,47.2589242513436,789.623811072554,6.711
CMR,Cameroon,2003,5.6,38.56394196,30.9356803894043,47.7325523560061,988.241276791846,5.908
CMR,Cameroon,2004,5.6,42.25278473,27.5096206665039,48.1826845960942,1133.39326749673,5.087
CMR,Cameroon,2005,5.5,43.10830688,28.0079002380371,48.5837852394685,1142.62466252106,4.4
CMR,Cameroon,2006,5.4,44.52022934,24.4080104827881,49.2044173412861,1191.45458990968,3.729
CMR,Cameroon,2007,5.2,50.30911255,33.4497184753418,49.7027028593758,1325.67248215933,3.063
CMR,Cameroon,2008,5.1,54.58909225,37.8488082885742,50.0858325268669,1492.14269801453,3.386
CMR,Cameroon,2009,5.0,51.14823914,41.7743606567383,50.4714131335678,1461.38999232337,3.743
CMR,Cameroon,2010,4.8,50.03335571,,50.8505075371362,1398.58702025047,4.11
CMR,Cameroon,2011,4.7,58.33031845,49.8732461065506,51.2229843034125,1513.96056994878,3.988
CMR,Cameroon,2012,4.5,56.96441269,53.102088720007,51.5887119982861,1449.09874362279,3.836
CMR,Cameroon,2013,4.3,57.22771454,54.9012784916851,51.9475591877024,1575.92882118897,3.686
CMR,Cameroon,2014,4.1,71.61038208,59.1253563645436,52.2993944376709,1649.4433905949,3.534
CMR,Cameroon,2015,3.9,58.38298035,60.4960883608074,52.6440863142742,1415.00009710569,3.518
CMR,Cameroon,2016,3.7,57.99372482,61.4037045147156,52.9815033836792,1441.7201725688,3.529
CMR,Cameroon,2017,3.5,56.7457695,,53.3115142121504,1496.08951771242,3.573
CMR,Cameroon,2018,3.4,58.32909393,,53.6339873660653,1610.69641591017,3.608
CMR,Cameroon,2019,3.2,56.79493713,,53.9487914119331,1555.22660476477,3.632
CMR,Cameroon,2020,3.1,66.17185211,,54.2557949164174,1555.60370660749,3.881
CMR,Cameroon,2021,2.9,72.59731293,45.5255767078224,54.5548664463635,1672.32657340872,3.976
CMR,Cameroon,2022,2.8,72.12950897,45.6066724321371,54.8458745688318,1604.87726954895,3.646
COD,"Congo, Dem. Rep.",2000,2.1,17.52071953,,34.9008752617485,377.925421481395,3.245
COD,"Congo, Dem. Rep.",2001,2.0,5.4341011,,35.4153526820763,142.678142604412,3.251
COD,"Congo, Dem. Rep.",2002,1.9,4.17578602,,35.937064393184,162.38052907429,3.179
COD,"Congo, Dem. Rep.",2003,1.8,6.03257608,,36.4654627231369,161.491553524396,3.057
COD,"Congo, Dem. Rep.",2004,1.8,7.83304834,,37.0,180.664764963633,2.976
COD,"Congo, Dem. Rep.",2005,1.7,8.55065727,,37.4018738621901,214.539740473519,2.948
COD,"Congo, Dem. Rep.",2006,1.6,10.37645721,,37.8024827128113,255.445229568751,3.174
COD,"Congo, Dem. Rep.",2007,1.5,11.5629034,33.6185607910156,38.201781337298,294.101615124419,3.404
COD,"Congo, Dem. Rep.",2008,1.4,15.36659527,35.8376388549805,38.5997245210844,352.900363371995,3.627
COD,"Congo, Dem. Rep.",2009,1.4,12.75762081,37.3938407897949,38.9962670496049,280.178991035792,3.882
COD,"Congo, Dem. Rep.",2010,1.3,12.1423111,37.0387916564941,39.391363708294,352.400398754692,4.098
COD,"Congo, Dem. Rep.",2011,1.2,11.89942932,38.9499206542969,39.7849692825859,372.514273875789,4.317
COD,"Congo, Dem. Rep.",2012,1.2,13.20595551,38.8012313842773,40.1770385579151,409.931424783784,4.485
COD,"Congo, Dem. Rep.",2013,1.1,15.37901688,38.5140419006348,40.5675263197158,460.370334930107,4.469
COD,"Congo, Dem. Rep.",2014,1.1,18.22281265,41.1783905029297,40.9563873534225,489.175952097319,4.436
COD,"Congo, Dem. Rep.",2015,1.0,18.57252884,42.1804618835449,41.3435764444694,495.826633014883,4.441
COD,"Congo, Dem. Rep.",2016,1.0,19.3114109,,41.7290483782911,459.765036590388,4.528
COD,"Congo, Dem. Rep.",2017,0.9,18.14648819,,42.1127579403217,431.052559128788,4.613
COD,"Congo, Dem. Rep.",2018,0.9,17.29077148,,42.4946599159958,518.169626875371,4.632
COD,"Congo, Dem. Rep.",2019,0.9,19.20812035,,42.8747090907476,504.00419142286,4.605
COD,"Congo, Dem. Rep.",2020,0.9,20.5593071,,43.2528602500115,486.425572682256,5.355
COD,"Congo, Dem. Rep.",2021,0.8,21.58848572,55.3636283874512,43.6290681792218,595.743074403567,5.289
COD,"Congo, Dem. Rep.",2022,0.8,24.3800106,,44.003287663813,687.738587554685,4.54
COG,"Congo, Rep.",2000,4.5,17.35089302,,58.8947380255871,1024.30159109181,19.872
COG,"Congo, Rep.",2001,4.3,20.30390549,,59.4417859130405,854.598314408095,19.88
COG,"Congo, Rep.",2002,4.2,16.99031258,36.9716186523438,59.9716066874511,905.538135544704,19.644
COG,"Congo, Rep.",2003,4.0,21.51475716,38.03369140625,60.4694583791889,1016.82363412143,19.877
COG,"Congo, Rep.",2004,3.9,27.50056839,42.6813201904297,60.9205990186239,1306.10136324599,19.896
COG,"Congo, Rep.",2005,3.7,30.90304375,,61.310286636126,1799.05158366154,19.796
COG,"Congo, Rep.",2006,3.6,35.94208145,,61.6237792620651,2103.5821381211,19.563
COG,"Congo, Rep.",2007,3.5,41.96711731,,61.8502563370293,2206.47101863414,19.909
COG,"Congo, Rep.",2008,3.5,63.41820908,,62.0354815675203,2832.09177777643,19.962
COG,"Congo, Rep.",2009,3.4,48.65313721,,62.2172294650265,2271.15219175966,19.844
COG,"Congo, Rep.",2010,3.4,54.56225586,,62.3922871058739,2946.55798067708,19.3
COG,"Congo, Rep.",2011,3.4,59.51348114,,62.5597508130231,3396.16505817952,19.435
COG,"Congo, Rep.",2012,3.3,71.2766571,50.520320892334,62.7187169094345,3732.32737320389,19.491
COG,"Congo, Rep.",2013,3.3,71.85824585,,62.8682817180686,3697.41705884249,19.845
COG,"Congo, Rep.",2014,3.3,71.03118896,,63.0075415618859,3601.2365808718,19.696
COG,"Congo, Rep.",2015,3.2,57.30290604,,63.135592763847,2439.35189403696,20.02
COG,"Congo, Rep.",2016,3.2,54.3000145,,63.2515316469123,2093.10728558843,20.298
COG,"Congo, Rep.",2017,3.2,52.29982376,,63.3544545340423,2211.63309874797,20.737
COG,"Congo, Rep.",2018,3.2,47.310215,,63.4434577481975,2694.43413191427,20.84
COG,"Congo, Rep.",2019,3.2,58.42106628,,63.5176376123385,2488.42466724916,20.494
COG,"Congo, Rep.",2020,3.2,80.09735107,,63.5760904494257,1993.586671931,22.286
COG,"Congo, Rep.",2021,3.2,78.60149384,,63.6179125824196,2516.16255145432,21.998
COG,"Congo, Rep.",2022,3.2,53.11892319,,63.6422003342807,2620.83804267402,20.131
COM,Comoros,2000,0.1,47.59479904,,28.0360512192055,633.309032776244,4.4
COM,Comoros,2001,0.1,45.34629059,,27.9902886596605,681.163857619963,4.379
COM,Comoros,2002,0.1,51.12159729,35.0426712036133,27.9586267103537,764.61349832543,4.372
COM,Comoros,2003,0.1,63.91786194,38.9220008850098,27.9448864609618,959.691049354812,4.559
COM,Comoros,2004,0.1,70.61806488,42.5534706115723,27.9596300229124,1072.28409029621,4.571
COM,Comoros,2005,0.1,67.80059814,,28.016895208368,1105.78796866788,4.527
COM,Comoros,2006,0.1,65.72916412,,28.1143215973031,1138.47908404345,4.482
COM,Comoros,2007,0.1,69.87202454,,28.2493321448949,1289.73631056361,4.474
COM,Comoros,2008,0.1,73.75498962,,28.4193498063202,1455.02768595586,4.416
COM,Comoros,2009,0.1,69.4848938,,28.6217975367563,1410.30516959473,4.303
COM,Comoros,2010,0.1,69.21523285,,28.8540982913801,1386.57533553376,4.19
COM,Comoros,2011,0.1,81.19863892,,29.1136750253686,1531.43969320468,4.12
COM,Comoros,2012,0.1,77.10220337,,29.397950693899,1490.31425650871,4.091
COM,Comoros,2013,0.1,81.81765747,58.998580844006,29.7043482521482,1603.32653496691,3.98
COM,Comoros,2014,0.1,84.63935852,61.5078774291294,30.0302906552932,1615.71709756316,3.984
COM,Comoros,2015,0.1,61.16300201,,30.3732008585112,1329.37048235986,4.031
COM,Comoros,2016,0.1,63.53099442,,30.7305018169792,1365.48403444497,4.117
COM,Comoros,2017,0.1,75.01337433,56.9502144763063,31.0996559689293,1423.9248027797,4.049
COM,Comoros,2018,0.1,74.89152527,61.7014685443494,31.4073645195839,1540.71132257526,3.975
COM,Comoros,2019,0.1,78.23674774,,31.7287584068243,1519.26386436068,3.926
COM,Comoros,2020,0.1,89.67817688,,32.0638072194881,1527.16991011916,4.468
COM,Comoros,2021,0.1,100.50016785,,32.4124444313246,1587.72988658008,4.394
COM,Comoros,2022,0.1,124.14363861,54.8057289123535,32.7746035528748,1533.87755393614,3.879
CPV,Cabo Verde,2000,0.7,59.54011154,65.0551376342773,53.9332149202283,1189.51479345891,13.024
CPV,Cabo Verde,2001,0.7,63.55782318,63.2078514099121,54.7762172320995,1223.33055331575,13.242
CPV,Cabo Verde,2002,0.7,69.12203979,66.3999862670898,55.5703407979481,1328.57874270666,13.379
CPV,Cabo Verde,2003,0.7,84.6628952,67.3274078369141,56.3297071979641,1717.97565369655,13.604
CPV,Cabo Verde,2004,0.7,93.43228912,66.9400405883789,57.0677167011018,1929.49081468781,13.456
CPV,Cabo Verde,2005,0.7,96.08917999,70.2636032104492,57.7977695763157,2004.14680417563,13.439
CPV,Cabo Verde,2006,0.7,113.13097382,81.5834884643555,58.5332660925599,2256.99666191075,13.378
CPV,Cabo Verde,2007,0.7,127.73626709,80.4710464477539,59.287606518789,3324.57675212498,13.294
CPV,Cabo Verde,2008,0.7,127.79390717,82.10888671875,60.0741911239572,3908.64885822576,13.307
CPV,Cabo Verde,2009,0.7,130.23704529,81.2256927490234,60.906420177019,3659.72046361628,13.517
CPV,Cabo Verde,2010,0.7,146.07247925,83.5471330073283,61.7974262732302,3579.46006137809,10.67
CPV,Cabo Verde,2011,0.7,157.08999634,86.7000153273789,62.7419929036884,4002.01386888785,10.956
CPV,Cabo Verde,2012,0.7,174.66062927,89.9634082592786,63.7260454520996,3736.81517011087,11.145
CPV,Cabo Verde,2013,0.7,191.1048584,94.7526092529297,64.7486207521826,3960.97596791345,11.398
CPV,Cabo Verde,2014,0.8,193.39482117,93.6074664791524,65.8085112712742,3985.60706548134,11.689
CPV,Cabo Verde,2015,0.8,150.28823853,96.6012286324786,66.9045094767116,3415.06266730931,11.923
CPV,Cabo Verde,2016,0.8,157.39906311,98.2528458088996,68.0354078358316,3608.96605234906,12.085
CPV,Cabo Verde,2017,0.8,174.43547058,99.462782259485,69.1999988159713,3893.09571382506,12.24
CPV,Cabo Verde,2018,0.8,205.5345459,94.8972015380859,70.3970748844677,4294.96510035729,12.17
CPV,Cabo Verde,2019,0.9,211.24963379,95.2902285572104,71.6254285086577,4380.78117331128,12.123
CPV,Cabo Verde,2020,0.9,249.71989441,98.3093023666237,72.8838521558784,3539.22661248299,14.65
CPV,Cabo Verde,2021,0.9,262.42272949,97.0059250429478,74.1607930892827,3971.44409203423,13.932
CPV,Cabo Verde,2022,0.9,297.08233643,96.4315940376876,75.033738060849,4323.31362032709,12.239
DJI,Djibouti,2000,3.6,35.48954773,,73.3486361649708,737.612183644052,26.664
DJI,Djibouti,2001,3.6,33.61427689,,72.8935327252495,742.133791107063,26.597
DJI,Djibouti,2002,3.6,39.49966431,,72.4503357641707,743.013270420348,26.589
DJI,Djibouti,2003,3.5,46.27521896,,72.0304414068997,764.634465224597,26.484
DJI,Djibouti,2004,3.4,40.04951477,,71.6452457786012,806.261652944964,26.441
DJI,Djibouti,2005,3.3,45.12551498,,71.3061450044404,844.4483573908,26.448
DJI,Djibouti,2006,3.2,53.26344299,,71.0245352095823,898.464628136774,26.382
DJI,Djibouti,2007,3.0,55.18254471,,70.8118125191918,969.573220191902,26.292
DJI,Djibouti,2008,2.8,55.90976715,,70.6793730584341,1119.15233346969,26.183
DJI,Djibouti,2009,2.7,56.92132568,,70.6383251554484,1150.9375857489,26.325
DJI,Djibouti,2010,2.5,55.7044487,,70.6486554782903,1213.23352553429,26.368
DJI,Djibouti,2011,2.4,61.89852524,,70.6776532458676,1306.34552844977,26.31
DJI,Djibouti,2012,2.2,64.8536911,,70.7266311335377,1400.19357858954,26.179
DJI,Djibouti,2013,2.0,60.57233047,,70.7969331287484,2075.94498424748,26.149
DJI,Djibouti,2014,1.9,65.53726196,,70.8899032189478,2214.62084142432,26.16
DJI,Djibouti,2015,1.7,79.54257965,,71.0068853915837,2376.12554719873,26.063
DJI,Djibouti,2016,1.6,68.82745361,,71.1492236341041,2510.4300076241,25.982
DJI,Djibouti,2017,1.5,64.94396973,,71.318261933957,2618.95521147369,26.064
DJI,Djibouti,2018,1.4,68.79101563,,71.5153442785902,2718.08338799203,26.18
DJI,Djibouti,2019,1.3,68.4744873,,71.7418146554518,2837.16902340932,26.257
DJI,Djibouti,2020,1.2,66.53086853,,71.9990170519895,2844.88810647853,27.701
DJI,Djibouti,2021,1.1,86.88237762,,72.2882954556515,3025.91126413549,27.628
DJI,Djibouti,2022,1.0,79.13184357,,72.6109938538856,3133.25779772463,26.272
DZA,Algeria,2000,0.1,61.85785294,64.5954208374023,59.8521239445692,1772.92869122761,29.77
DZA,Algeria,2001,0.1,67.05859375,68.763298034668,60.6177172788536,1896.30020878013,27.3
DZA,Algeria,2002,0.1,66.681633,72.5830688476562,61.3812658601162,1937.46411413019,25.9
DZA,Algeria,2003,0.1,75.9513092,75.4358673095703,62.1427907986812,2283.77299346126,23.72
DZA,Algeria,2004,0.1,92.6876297,79.6298599243164,62.9023132048725,2816.99384960555,17.65
DZA,Algeria,2005,0.1,100.83694458,81.8563690185547,63.6598541890144,3233.13339634212,15.27
DZA,Algeria,2006,0.1,116.7750473,83.4811935424805,64.4154348614309,3660.66104745322,12.27
DZA,Algeria,2007,0.1,150.86651611,73.517822265625,65.1690763324461,4167.45169937531,13.79
DZA,Algeria,2008,0.1,206.37207031,80.2311401367188,65.901485871159,5180.91881514686,11.33
DZA,Algeria,2009,0.1,207.20181274,96.3929595947266,66.5097384559521,4235.42990456612,10.16
DZA,Algeria,2010,0.1,227.95396423,100.739776611328,67.1235057867459,4912.78585503672,9.96
DZA,Algeria,2011,0.1,285.5020752,103.184272766113,67.7344007507578,5916.31364364343,9.96
DZA,Algeria,2012,0.1,340.09176636,,68.3421258553675,6033.64884689543,10.97
DZA,Algeria,2013,0.1,337.57348633,,68.9463836079277,5979.60138960585,9.82
DZA,Algeria,2014,0.1,366.58615112,,69.5468765157615,6094.69392314956,10.207
DZA,Algeria,2015,0.1,296.76834106,,70.1433070861612,4685.05902729002,11.206
DZA,Algeria,2016,0.1,265.53491211,,70.7353778263851,4424.98529027556,10.202
DZA,Algeria,2017,0.1,270.93231201,,71.3227912436551,4554.66753957828,12.0
DZA,Algeria,2018,0.1,271.53808594,,71.905249845153,4577.21029180491,12.112
DZA,Algeria,2019,0.1,242.07049561,,72.4824561380175,4468.45341883656,12.302
DZA,Algeria,2020,0.1,211.07240295,,73.0541126293395,3743.5419522929,14.08
DZA,Algeria,2021,0.1,208.93911743,,73.6199218261573,4160.55926736925,13.656
DZA,Algeria,2022,0.1,180.33454895,104.550270080566,74.1795862354514,4960.30334332888,12.382
EGY,"Egypt, Arab Rep.",2000,0.1,69.37174988,77.8339462280273,42.7339398932519,1366.09274372613,8.98
EGY,"Egypt, Arab Rep.",2001,0.1,68.67334747,79.3897399902344,42.7835506765333,1295.1374184163,9.26
EGY,"Egypt, Arab Rep.",2002,0.1,63.99928665,78.8174133300781,42.8347629483917,1116.82884626213,10.01
EGY,"Egypt, Arab Rep.",2003,0.1,50.34780884,78.5066070556641,42.8834685533792,1031.27556291284,10.91
EGY,"Egypt, Arab Rep.",2004,0.1,50.33084488,77.7841796875,42.9255593360476,991.255689145253,10.32
EGY,"Egypt, Arab Rep.",2005,0.1,59.4683876,,42.9569271409488,1105.53920713903,11.049
EGY,"Egypt, Arab Rep.",2006,0.1,66.32707214,,42.9729991680104,1298.97900203124,10.49
EGY,"Egypt, Arab Rep.",2007,0.1,73.29454041,,42.9729666344509,1547.74170735909,8.8
EGY,"Egypt, Arab Rep.",2008,0.1,90.15769958,,42.9608989120873,1896.21594269779,8.517
EGY,"Egypt, Arab Rep.",2009,0.1,98.90396881,63.2154998779297,42.9383470624904,2161.63964573927,9.087
EGY,"Egypt, Arab Rep.",2010,0.1,105.07817841,64.7296371459961,42.9057175520154,2455.08194645282,8.757
EGY,"Egypt, Arab Rep.",2011,0.1,116.22949219,72.5487594604492,42.8634168470177,2590.64384891965,11.849
EGY,"Egypt, Arab Rep.",2012,0.1,139.81625366,73.0182495117188,42.8118514138525,2996.0677072015,12.597
EGY,"Egypt, Arab Rep.",2013,0.1,139.67245483,73.8954466194364,42.7514277188751,3025.52563552448,13.154
EGY,"Egypt, Arab Rep.",2014,0.1,155.06480408,73.3723421134374,42.6825522284408,3133.39102265541,13.105
EGY,"Egypt, Arab Rep.",2015,0.1,170.25532532,,42.6056314089048,3306.98159414141,13.052
EGY,"Egypt, Arab Rep.",2016,0.1,142.61845398,75.7524086692863,42.5210717266225,3270.6287768197,12.45
EGY,"Egypt, Arab Rep.",2017,0.1,106.00288391,76.4337653082262,42.4486008687179,2395.10333299491,11.767
EGY,"Egypt, Arab Rep.",2018,0.1,118.01481628,76.9816189396849,42.4577177449969,2484.70315630508,9.855
EGY,"Egypt, Arab Rep.",2019,0.1,142.69670105,77.9093978841525,42.4812027332648,2962.98892023003,7.851
EGY,"Egypt, Arab Rep.",2020,0.1,148.35269165,79.6544750074231,42.5181534630674,3511.11381026379,7.974
EGY,"Egypt, Arab Rep.",2021,0.1,176.93664551,81.8833487066739,42.5686062621468,3827.35415374308,7.441
EGY,"Egypt, Arab Rep.",2022,0.1,171.67852783,,42.6325129008032,4233.30783744856,6.546
ERI,Eritrea,2000,2.3,14.03034782,45.2635498046875,34.0983619689941,314.357396753501,5.656
ERI,Eritrea,2001,2.2,14.90675831,45.8157081604004,34.3253211975098,325.409161513593,5.74
ERI,Eritrea,2002,2.0,15.77544498,46.5302581787109,34.5420799255371,304.775756465092,5.794
ERI,Eritrea,2003,1.9,19.81480217,47.3321685791016,34.7451286315918,348.950327077742,5.79
ERI,Eritrea,2004,1.7,23.15624809,47.4052391052246,34.9324645996094,426.840947887032,5.704
ERI,Eritrea,2005,1.6,21.92651939,51.6001396179199,35.1022033691406,412.753079199423,5.721
ERI,Eritrea,2006,1.4,23.77408791,53.1192588806152,35.2525177001953,447.997404727201,5.707
ERI,Eritrea,2007,1.3,19.62666321,50.1338500976562,35.3820953369141,480.44762365456,5.719
ERI,Eritrea,2008,1.2,21.55065727,51.3945808410645,35.4897117614746,490.066956003333,5.683
ERI,Eritrea,2009,1.1,24.35102463,51.8130187988281,35.5742034912109,642.92572288007,5.757
ERI,Eritrea,2010,1.0,26.00652122,51.5608596801758,35.6346549987793,539.699512069686,5.854
ERI,Eritrea,2011,1.0,35.55129623,51.8398818969727,35.6706275939941,688.68165957684,5.801
ERI,Eritrea,2012,0.9,27.78689003,52.7079315185547,35.6824264526367,,5.692
ERI,Eritrea,2013,0.8,31.64078712,51.34619140625,35.6713333129883,,5.624
ERI,Eritrea,2014,0.8,32.93448257,50.6653785705566,35.639720916748,,5.637
ERI,Eritrea,2015,0.7,29.22208977,46.171501159668,35.591007232666,,5.751
ERI,Eritrea,2016,0.7,26.00592422,,35.5254287719727,,5.772
ERI,Eritrea,2017,0.6,25.10270691,44.911060333252,35.4427146911621,,5.804
ERI,Eritrea,2018,0.6,26.68201256,46.1723785400391,35.3451042175293,,5.756
ERI,Eritrea,2019,0.6,28.42930794,,35.2352333068848,,5.812
ERI,Eritrea,2020,0.5,27.66697884,,35.116138458252,,6.375
ERI,Eritrea,2021,0.5,27.58759499,,34.9871139526367,,6.489
ERI,Eritrea,2022,0.5,27.0898056,44.0441284179688,34.8469276428223,,6.033
ETH,Ethiopia,2000,2.7,5.28970861,14.451319694519,14.9193096160889,122.269202606069,3.499
ETH,Ethiopia,2001,2.6,5.50955105,17.3430194854736,15.1177673339844,118.457204255261,3.16
ETH,Ethiopia,2002,2.4,5.14964151,19.1939201354981,15.333233833313,109.593813612988,3.054
ETH,Ethiopia,2003,2.2,5.70984173,19.5667705535889,15.5438537597656,116.800491132777,3.008
ETH,Ethiopia,2004,2.0,5.7385993,21.47705078125,15.7585906982422,133.169812538096,2.776
ETH,Ethiopia,2005,1.8,6.4820013,23.8548793792725,15.982967376709,158.243458082465,2.497
ETH,Ethiopia,2006,1.7,8.42413712,27.4775695800781,16.2148475646973,189.345737521418,2.337
ETH,Ethiopia,2007,1.6,11.63210678,30.251350402832,16.0948330261902,237.146255996319,2.337
ETH,Ethiopia,2008,1.5,13.03863621,31.3109302520752,16.7936706542969,316.410475118075,2.326
ETH,Ethiopia,2009,1.4,15.1445961,31.649019241333,17.1511001586914,368.574712267445,2.326
ETH,Ethiopia,2010,1.4,16.17102051,33.0478591918945,17.4937839508057,330.619412798644,2.295
ETH,Ethiopia,2011,1.3,14.62286568,34.4468994140625,17.863790512085,343.024942351887,2.27
ETH,Ethiopia,2012,1.3,20.00217628,36.2193489074707,18.2061367034912,452.101031885754,2.252
ETH,Ethiopia,2013,1.2,19.26698494,,18.615514755249,484.039833104062,2.251
ETH,Ethiopia,2014,1.2,21.6064415,,19.0262870788574,549.986577082588,2.361
ETH,Ethiopia,2015,1.1,23.21817207,33.9114221981431,19.451566696167,597.912113218663,2.442
ETH,Ethiopia,2016,1.1,24.34373283,,19.8763618469238,641.651523286233,2.556
ETH,Ethiopia,2017,1.0,24.18239403,,20.3084850311279,696.348429076216,2.665
ETH,Ethiopia,2018,1.0,23.5205574,,20.7838096618652,739.702022272086,2.811
ETH,Ethiopia,2019,0.9,25.93511963,,21.2486705780029,793.473247218996,2.928
ETH,Ethiopia,2020,0.9,28.28001595,,21.6260051727295,829.790982552951,3.998
ETH,Ethiopia,2021,0.8,26.06931114,,22.1067085266113,893.009835441784,3.935
ETH,Ethiopia,2022,0.8,27.06845474,,22.7367687225342,982.103161502198,3.386
GAB,Gabon,2000,4.7,123.197258,,79.5660404650438,3982.906200928,17.848
GAB,Gabon,2001,4.8,120.90242767,48.6175193786621,80.4090993437448,3835.75718279727,17.827
GAB,Gabon,2002,4.8,132.07215881,49.4348793029785,81.2205241874174,3966.48001864663,17.376
GAB,Gabon,2003,4.7,166.59495544,,81.9970830091574,4710.74862768151,17.126
GAB,Gabon,2004,4.7,183.92318726,,82.7355438220611,5465.79193590708,17.108
GAB,Gabon,2005,4.6,188.91426086,,83.4326746392243,6547.87613955186,16.91
GAB,Gabon,2006,4.6,211.9914093,,84.0852434737431,6847.00985685394,17.805
GAB,Gabon,2007,4.5,246.78276062,,84.6900183387136,8003.54289696049,18.257
GAB,Gabon,2008,4.4,275.89450073,,85.2437672472316,9688.64519690633,19.212
GAB,Gabon,2009,4.4,277.62945557,,85.7432582123932,7290.57526093114,19.76
GAB,Gabon,2010,4.3,206.87702942,,86.1852592472945,8356.74662013345,20.39
GAB,Gabon,2011,4.2,261.37597656,,86.5665383650315,10219.1139339454,19.895
GAB,Gabon,2012,4.1,225.07722473,,86.8838635787001,9296.96587941088,19.661
GAB,Gabon,2013,4.0,261.29452515,,87.1482480671637,9197.70106323947,19.736
GAB,Gabon,2014,4.0,233.05368042,,87.6236017962969,9201.36276648105,19.873
GAB,Gabon,2015,3.9,187.27270508,,88.085308383892,7047.12654634355,19.943
GAB,Gabon,2016,3.8,207.50273132,,88.5445883406178,6677.07003901644,20.117
GAB,Gabon,2017,3.7,192.47543335,,89.0009733256896,6921.73373135624,20.307
GAB,Gabon,2018,3.6,209.28697205,,89.4539949981866,7624.2775233771,20.459
GAB,Gabon,2019,3.4,205.99945068,70.2639966402203,89.9031850170394,7441.1786472281,20.371
GAB,Gabon,2020,3.3,227.2480011,,90.3480750410147,6605.80346077904,21.279
GAB,Gabon,2021,3.2,228.46922302,,90.7881967286967,8181.40914134398,21.223
GAB,Gabon,2022,3.0,243.09941101,,91.2243355459988,8409.20741452279,20.319
GHA,Ghana,2000,2.6,10.46035767,32.5775909423828,43.9373786640616,253.746936203344,10.456
GHA,Ghana,2001,2.5,12.15051079,30.9433898925781,44.6410507317701,263.542156494853,9.615
GHA,Ghana,2002,2.4,14.30371571,32.267578125,45.3484692124806,297.46164468774,8.711
GHA,Ghana,2003,2.4,18.96423721,33.6547889709473,46.0547973581418,358.39927142073,7.728
GHA,Ghana,2004,2.3,23.57214928,36.1445503234863,46.7572004525685,406.132105329565,6.758
GHA,Ghana,2005,2.2,38.51657486,38.1276893615723,47.4528437795757,478.611909191028,5.816
GHA,Ghana,2006,2.1,49.34616852,39.8474884033203,48.1388926229785,906.441027564887,4.897
GHA,Ghana,2007,2.1,57.34096527,43.759521484375,48.8125122665918,1050.12461524926,5.104
GHA,Ghana,2008,2.0,63.45487595,46.0595817565918,49.4708679942306,1182.65761256016,5.144
GHA,Ghana,2009,2.0,62.44382095,47.9277191162109,50.1111250897099,1047.70430093586,5.362
GHA,Ghana,2010,1.9,80.6833725,,50.7296926788704,1263.89251760539,5.384
GHA,Ghana,2011,1.9,91.70959473,55.6069297790527,51.3304086646488,1507.43573198753,4.213
GHA,Ghana,2012,1.9,81.96895599,56.7326017795109,51.9197918381031,1543.77524235764,3.126
GHA,Ghana,2013,1.9,105.34784698,68.1991424560547,52.4985794475913,2294.79584693743,2.173
GHA,Ghana,2014,1.8,78.46701813,63.974569978053,53.0663398797148,1949.90832923846,4.403
GHA,Ghana,2015,1.8,78.21643066,67.0486566518056,53.6226415210752,1722.77282833606,6.806
GHA,Ghana,2016,1.8,64.86400604,67.2644101341977,54.167052758274,1912.47991339951,5.256
GHA,Ghana,2017,1.7,54.10602188,66.6359450193038,54.6991419779128,2012.28662641265,3.369
GHA,Ghana,2018,1.7,53.37788773,68.2222557975165,55.218477566593,2195.32166016377,3.204
GHA,Ghana,2019,1.7,71.14958191,71.1877006008423,55.7246279109161,2186.65822682613,3.067
GHA,Ghana,2020,1.6,97.37677765,74.0102186341371,56.2171613974837,2195.45481659987,3.178
GHA,Ghana,2021,1.6,94.40388489,76.2084742091088,56.6952556826536,2445.18662529344,3.2
GHA,Ghana,2022,1.6,82.32108307,77.8168696801948,57.250609602871,2229.89122654479,2.87
GIN,Guinea,2000,1.5,22.71741867,,30.9231105645224,518.157066924026,4.586
GIN,Guinea,2001,1.5,21.76875114,18.4985904693604,31.2176948406254,483.085120214741,4.584
GIN,Guinea,2002,1.6,24.83917809,21.2247695922852,31.5131362085814,495.916073559269,4.549
GIN,Guinea,2003,1.6,25.60194969,22.6574001312256,31.8086015036327,566.48540588068,4.628
GIN,Guinea,2004,1.7,26.41420937,24.6455307006836,32.1032575610216,584.897740538081,4.709
GIN,Guinea,2005,1.7,19.66388702,29.0273208618164,32.3962712159907,463.17768685098,4.814
GIN,Guinea,2006,1.7,16.15967941,32.2970886230469,32.6868093037822,446.980554135013,4.863
GIN,Guinea,2007,1.7,22.64143372,,32.9740386596386,650.148575304743,4.787
GIN,Guinea,2008,1.7,22.97397041,33.2380905151367,33.2571261188022,703.532825784369,4.803
GIN,Guinea,2009,1.7,23.71565628,,33.5352385165154,662.185914665575,4.914
GIN,Guinea,2010,1.7,22.59741783,,33.8075426880206,659.235326211315,5.018
GIN,Guinea,2011,1.7,24.12806129,36.7464790344238,34.0732054685603,636.694958747648,5.024
GIN,Guinea,2012,1.7,23.70012856,36.8766899108887,34.3313936933767,699.353377212197,4.874
GIN,Guinea,2013,1.7,25.90467834,,34.5812741977122,748.455020824734,4.944
GIN,Guinea,2014,1.7,36.63517761,38.5548782348633,34.8177920826682,765.146999389279,5.044
GIN,Guinea,2015,1.7,43.41540527,,35.0373191833496,747.356966759448,5.15
GIN,Guinea,2016,1.6,38.42609406,,35.3100280761719,711.996509782316,4.997
GIN,Guinea,2017,1.6,32.63646317,,35.5827331542969,833.598621691121,4.86
GIN,Guinea,2018,1.6,34.88978195,,35.8554382324219,933.273615633705,4.835
GIN,Guinea,2019,1.5,42.16910172,,36.1281547546387,1031.34146480732,5.018
GIN,Guinea,2020,1.5,41.1027565,,36.4802208060551,1053.66097696415,6.007
GIN,Guinea,2021,1.5,44.10476303,,36.8502178436256,1244.96550477914,5.815
GIN,Guinea,2022,1.4,53.2922287,,37.2384967469106,1416.59612011764,5.174
GMB,"Gambia, The",2000,1.6,74.83678436,,46.9722332873784,538.054072348854,9.722
GMB,"Gambia, The",2001,1.7,55.65046692,,48.3491979765917,459.803068381399,9.64
GMB,"Gambia, The",2002,1.8,35.99459839,,49.5731153377033,376.531026962584,10.039
GMB,"Gambia, The",2003,1.9,28.3001461,,50.6010077995371,308.719123437587,9.991
GMB,"Gambia, The",2004,1.9,32.15613174,,51.5062022597801,593.285346326581,9.948
GMB,"Gambia, The",2005,2.0,33.2039566,,52.3582132660613,616.483657865348,9.92
GMB,"Gambia, The",2006,2.0,33.41355896,,53.1603285370566,614.544307904464,10.241
GMB,"Gambia, The",2007,2.0,35.91078568,,53.9196109423854,724.726407242432,10.425
GMB,"Gambia, The",2008,2.0,40.0297699,45.2912902832031,54.6431233516671,859.127671411226,10.065
GMB,"Gambia, The",2009,2.0,34.59326172,46.214469909668,55.3379286345209,774.888030908091,9.778
GMB,"Gambia, The",2010,2.0,32.99832535,45.5351409912109,56.0110896605662,801.033372714536,9.673
GMB,"Gambia, The",2011,2.0,31.05148888,,56.6696692994225,710.608411468152,10.276
GMB,"Gambia, The",2012,2.0,29.56409264,,57.3207304207091,692.579361628102,10.346
GMB,"Gambia, The",2013,1.9,25.59075928,,57.970305611505,653.862713272743,9.454
GMB,"Gambia, The",2014,1.9,17.33743477,,58.6141799655551,568.00453558864,8.191
GMB,"Gambia, The",2015,1.9,19.67725563,,59.2458499408388,619.536364296461,7.226
GMB,"Gambia, The",2016,1.8,20.77086067,,59.8652472486563,650.056501323611,6.244
GMB,"Gambia, The",2017,1.8,21.55331612,,60.471712657237,642.522641296331,5.097
GMB,"Gambia, The",2018,1.7,22.17474365,,61.0645869348107,696.219806960615,4.055
GMB,"Gambia, The",2019,1.6,23.21861267,,61.643210849607,738.186751987483,4.481
GMB,"Gambia, The",2020,1.6,28.9169693,,62.2069251698555,720.335143352133,5.84
GMB,"Gambia, The",2021,1.5,29.77283478,107.027125590442,62.7550706637859,781.890925169531,6.213
GMB,"Gambia, The",2022,1.4,29.57811737,,63.2869880996278,836.244875868476,6.067
GNB,Guinea-Bissau,2000,3.8,13.2785511,17.9289207458496,36.8412054388232,316.945495037639,3.358
GNB,Guinea-Bissau,2001,4.2,13.50725842,,37.1627839410066,327.138431972397,2.958
GNB,Guinea-Bissau,2002,4.4,14.02086544,,37.4734924367695,362.034574570354,3.146
GNB,Guinea-Bissau,2003,4.5,14.70093441,,37.7773055741583,419.78486611807,3.169
GNB,Guinea-Bissau,2004,4.5,18.42279816,,38.0781980012196,431.376557669634,3.226
GNB,Guinea-Bissau,2005,4.4,20.99864388,32.1273002624512,38.3801443659997,463.073962650452,3.184
GNB,Guinea-Bissau,2006,4.4,22.77665329,34.3966407775879,38.6871193165452,448.513075469701,3.143
GNB,Guinea-Bissau,2007,4.3,25.56799126,,39.0030975009025,519.069789794741,3.125
GNB,Guinea-Bissau,2008,4.2,34.26661301,,39.3320535671181,640.210331101753,3.157
GNB,Guinea-Bissau,2009,4.1,26.88874054,,39.6716434222135,583.190020139094,3.163
GNB,Guinea-Bissau,2010,4.0,29.23748016,,40.0095596313477,600.194298540768,3.121
GNB,Guinea-Bissau,2011,3.8,44.72909927,,40.4391136169434,719.539573498937,3.072
GNB,Guinea-Bissau,2012,3.7,37.75499725,,40.8686027526855,635.461653303881,3.135
GNB,Guinea-Bissau,2013,3.6,46.05934143,,41.2976379394531,654.304534409417,3.173
GNB,Guinea-Bissau,2014,3.4,64.99989319,,41.7271995544434,652.022501029449,3.285
GNB,Guinea-Bissau,2015,3.3,52.45866776,,42.1568145751953,645.066837207039,3.168
GNB,Guinea-Bissau,2016,3.2,56.60805511,,42.586109161377,679.665386626818,3.139
GNB,Guinea-Bissau,2017,3.0,54.8225174,,43.0155792236328,783.123186602022,3.089
GNB,Guinea-Bissau,2018,2.9,58.87445068,,43.4449081420898,808.531613218504,3.127
GNB,Guinea-Bissau,2019,2.8,53.98390961,,43.8745574951172,811.210004050041,2.413
GNB,Guinea-Bissau,2020,2.7,67.88795471,,44.3038330078125,846.918134967613,2.887
GNB,Guinea-Bissau,2021,2.5,70.21189117,,44.7334136962891,926.54619187706,3.016
GNB,Guinea-Bissau,2022,2.4,68.01049042,,45.1627159118652,881.602654162231,2.666
KEN,Kenya,2000,8.8,21.53400993,40.9617881774902,19.4553832211834,414.626365130846,2.884
KEN,Kenya,2001,8.3,22.11487579,41.6857109069824,20.4416297068833,410.700452474814,2.876
KEN,Kenya,2002,7.8,22.28772163,41.8610191345215,21.8586568137501,402.936385605382,2.916
KEN,Kenya,2003,7.4,25.64012337,43.5811309814453,23.563889811899,442.898457253405,2.869
KEN,Kenya,2004,6.9,27.65002823,47.1179389953613,25.4147539714454,463.662781300121,2.844
KEN,Kenya,2005,6.5,30.9943428,47.2635917663574,27.2686745625048,523.456312433863,2.739
KEN,Kenya,2006,6.2,40.3040123,48.8131103515625,28.9830768551925,699.80237063381,2.673
KEN,Kenya,2007,6.0,49.44605255,50.8713607788086,30.4153861196239,840.201439476765,2.642
KEN,Kenya,2008,5.8,54.35681915,57.0353507995605,31.4230276259143,915.54435473604,2.751
KEN,Kenya,2009,5.6,55.455616,57.7407112121582,31.8603086707305,1047.9678324485,2.816
KEN,Kenya,2010,5.5,58.8164711,,31.8713287706458,1091.51873101194,2.793
KEN,Kenya,2011,5.3,57.02286911,,31.8673949025409,1096.14499807675,2.699
KEN,Kenya,2012,5.2,64.48231506,,31.8558130142761,1285.00536171512,2.678
KEN,Kenya,2013,5.0,67.59809875,,31.8324454433988,1370.87885214659,2.762
KEN,Kenya,2014,4.9,72.84589386,,31.7931545274563,1482.81566253497,2.767
KEN,Kenya,2015,4.7,70.94755554,72.5750860661828,31.7338026039958,1489.11959777284,2.762
KEN,Kenya,2016,4.5,73.88768005,74.4698594945796,31.6502520105647,1554.12610314423,2.757
KEN,Kenya,2017,4.3,66.46552277,,31.5383650847102,1667.48447230835,3.542
KEN,Kenya,2018,4.1,75.27681732,,31.3940041639796,1836.45275528993,4.284
KEN,Kenya,2019,3.9,85.64528656,,31.1895566421135,1960.40808854893,5.014
KEN,Kenya,2020,3.7,86.5921936,,31.2063494632616,1927.66459027849,5.613
KEN,Kenya,2021,3.6,94.20249176,80.3774269704216,31.2879334021971,2061.35622089594,5.693
KEN,Kenya,2022,3.4,91.18416595,83.7738192286218,31.4307820066946,2109.56288513137,5.565
LBR,Liberia,2000,2.7,7.93455124,34.139778137207,43.7710042955819,298.485340578945,2.018
LBR,Liberia,2001,2.6,6.46313238,,44.1509656015089,300.463828598983,2.104
LBR,Liberia,2002,2.5,6.59576607,,44.566701526991,299.536445539621,2.222
LBR,Liberia,2003,2.4,5.76429653,,45.0004573003041,239.779556677091,2.42
LBR,Liberia,2004,2.3,16.7787571,,45.4344781497244,284.140223992458,2.424
LBR,Liberia,2005,2.2,19.14579582,,45.8510093035277,287.487333441381,2.413
LBR,Liberia,2006,2.0,18.34446335,,46.2322959899902,320.55808618515,2.28
LBR,Liberia,2007,1.9,15.8568964,,46.6104850769043,374.211308104278,2.232
LBR,Liberia,2008,1.9,26.30083656,,47.1080497871025,451.713856283285,2.221
LBR,Liberia,2009,1.8,40.21982574,,47.6245255922562,448.386367025545,2.241
LBR,Liberia,2010,1.7,40.8739624,,48.1407517057907,492.252808033724,2.266
LBR,Liberia,2011,1.6,47.58517075,43.64794921875,48.6583302770849,568.087865520004,2.211
LBR,Liberia,2012,1.6,46.67208862,,49.1773247639526,638.368751462083,2.146
LBR,Liberia,2013,1.5,48.72935104,,49.6977986242077,710.744570927863,2.08
LBR,Liberia,2014,1.4,54.82420349,36.7695617675781,50.2198153156642,706.714490064507,2.079
LBR,Liberia,2015,1.4,68.89793396,36.3728485107422,50.7434382961363,692.590082351257,2.557
LBR,Liberia,2016,1.3,67.68016052,,51.2687310234384,714.613063145659,3.081
LBR,Liberia,2017,1.3,67.8789978,,51.7957569553849,699.269095727404,3.067
LBR,Liberia,2018,1.2,68.88298798,,52.3245795497906,692.203127129794,3.058
LBR,Liberia,2019,1.2,51.1932373,,52.85526226447,658.164180770507,3.071
LBR,Liberia,2020,1.1,76.11009979,37.7416801452637,53.3878685572381,616.787867006715,4.102
LBR,Liberia,2021,1.1,88.54867554,,53.9224618859098,667.96610514319,3.844
LBR,Liberia,2022,1.0,100.49607086,,54.4591057083,744.617175237387,2.956
LBY,Libya,2000,0.1,247.1134491,,86.9508513726842,7214.10040377084,19.275
LBY,Libya,2001,0.1,255.77108765,,87.3194455877457,6312.80030498965,19.239
LBY,Libya,2002,0.1,181.7310791,110.586441040039,87.6256192750746,3718.29434696755,19.281
LBY,Libya,2003,0.1,189.72729492,106.755638122559,87.8659880500458,4674.09943200321,19.074
LBY,Libya,2004,0.1,200.83604431,,88.0371675280346,5773.76333234281,18.938
LBY,Libya,2005,0.1,209.878479,93.6851577758789,88.135773324416,8079.24957329001,18.66
LBY,Libya,2006,0.1,231.11968994,97.6095123291016,88.1599560242948,10048.8480434289,18.805
LBY,Libya,2007,0.1,269.63085938,,88.1560287475586,11144.9448413435,18.771
LBY,Libya,2008,0.1,312.11196899,,88.1474456787109,13906.1407818125,19.041
LBY,Libya,2009,0.1,342.20449829,,88.1345825195312,9551.05403869755,19.29
LBY,Libya,2010,0.1,380.58596802,,88.1177139282227,11600.9068649472,19.321
LBY,Libya,2011,0.1,305.20037842,,88.0970458984375,7593.8391525702,19.504
LBY,Libya,2012,0.1,592.46356201,,88.0727920532227,14975.8902795144,19.03
LBY,Libya,2013,0.1,594.65338135,,88.0451431274414,11951.7134126011,19.311
LBY,Libya,2014,0.1,462.19216919,,88.0142059326172,8926.42074591474,19.295
LBY,Libya,2015,0.1,433.06808472,,87.8159103393555,7458.48917756374,19.69
LBY,Libya,2016,0.1,464.47531128,,87.8160056703177,7525.80299308216,19.559
LBY,Libya,2017,0.1,466.08538818,,87.8166729870528,9965.83236729757,19.053
LBY,Libya,2018,0.1,544.88079834,,87.818484275334,11196.5854810844,18.865
LBY,Libya,2019,0.1,552.73168945,,87.8220115209342,9963.19489084483,19.087
LBY,Libya,2020,0.1,472.62240601,,87.8278267096263,6650.33810585348,19.651
LBY,Libya,2021,0.1,298.84338379,,87.8365018271835,4935.82787349801,19.779
LBY,Libya,2022,0.1,284.0262146,,87.8486088593786,5986.63694851258,19.238
LSO,Lesotho,2000,22.0,23.71122551,28.7576808929443,19.3273988558381,442.779545779081,16.169
LSO,Lesotho,2001,22.5,28.22144127,30.2747707366943,19.8975236019886,412.677473676821,16.081
LSO,Lesotho,2002,22.8,23.20003891,31.2329406738281,20.4926272688562,388.92334985135,16.079
LSO,Lesotho,2003,23.1,32.02215576,32.0320014953613,21.1231084926925,583.270036200288,16.056
LSO,Lesotho,2004,23.2,41.18851089,34.4488716125488,21.7993659097494,766.685820928242,16.154
LSO,Lesotho,2005,23.3,41.66717911,36.768440246582,22.5317981562788,861.381496414995,16.031
LSO,Lesotho,2006,23.5,49.67809296,38.4086112976074,23.3329886243114,925.467485502842,16.054
LSO,Lesotho,2007,23.8,65.80387878,41.5562515258789,24.2187949905661,861.188420899563,15.942
LSO,Lesotho,2008,24.2,69.06710052,44.7508811950684,25.1966303659683,898.482517882593,15.851
LSO,Lesotho,2009,24.6,80.82315063,49.1937294006348,26.2591028264855,878.847950537772,16.115
LSO,Lesotho,2010,24.8,85.87903595,54.2426986694336,27.4004815007995,1119.47557793042,16.068
LSO,Lesotho,2011,24.9,117.67031097,56.9506416320801,28.6150355175921,1280.73390931581,16.115
LSO,Lesotho,2012,24.9,125.37831116,59.0772018432617,29.8970340055453,1217.93071228944,15.761
LSO,Lesotho,2013,24.9,131.35578918,57.7590713500977,31.2407460933407,1151.03735837227,15.926
LSO,Lesotho,2014,24.7,121.21549988,58.2575629391492,32.6404409096604,1173.5377928819,16.066
LSO,Lesotho,2015,24.3,104.59999847,59.3985096286536,34.0903875831861,1121.19851342518,16.223
LSO,Lesotho,2016,23.8,91.0127182,56.8386993408203,35.5077950709441,992.491840678465,16.138
LSO,Lesotho,2017,23.1,115.43321228,59.3586515505342,36.5283648068846,1069.36673247542,16.379
LSO,Lesotho,2018,22.3,130.93614197,,37.569092747415,1170.65569702819,16.614
LSO,Lesotho,2019,21.5,235.94372559,,38.6040920446259,1082.05706777516,16.876
LSO,Lesotho,2020,20.7,96.84536743,,39.6329305425532,918.582574704447,18.385
LSO,Lesotho,2021,19.8,115.81448364,,40.6551760851997,1066.58645143823,18.214
LSO,Lesotho,2022,18.9,133.32562256,,41.6703965165322,1030.12582947757,16.623
MAR,Morocco,2000,0.1,54.63968277,39.6924896240234,53.58724711125,1499.107421875,13.58
MAR,Morocco,2001,0.1,56.55395889,41.3156585693359,53.8972613497219,1506.24523925781,12.46
MAR,Morocco,2002,0.1,63.57953644,43.0969085693359,54.222745830177,1596.02062988281,11.59
MAR,Morocco,2003,0.1,77.74629211,44.651439666748,54.5782811140771,1941.87255859375,11.92
MAR,Morocco,2004,0.1,91.17259979,47.3964385986328,54.9787569660869,2183.55541992188,10.83
MAR,Morocco,2005,0.1,97.19748688,49.1547889709473,55.4397798676399,2242.98828125,11.01
MAR,Morocco,2006,0.1,110.22368622,52.2258186340332,55.9627589629824,2438.12646484375,9.67
MAR,Morocco,2007,0.1,131.86448669,55.3458595275879,56.5303841299064,2755.5859375,9.56
MAR,Morocco,2008,0.1,153.23677063,57.666561126709,57.1254169272616,3183.20043945313,9.57
MAR,Morocco,2009,0.1,165.50694275,60.7418212890625,57.7306189138977,3119.58862304688,8.96
MAR,Morocco,2010,0.1,168.36595154,63.0757983249551,58.3287516486646,3067.9853515625,9.09
MAR,Morocco,2011,0.1,179.00019836,66.0255284774218,58.902576690412,3301.98876953125,8.91
MAR,Morocco,2012,0.1,172.04353333,68.7358726261435,59.4348555979895,3164.17724609375,8.99
MAR,Morocco,2013,0.1,179.81974792,,59.9083499302469,3379.7431640625,9.23
MAR,Morocco,2014,0.1,188.6415863,,60.3030486171654,3435.40698242188,9.7
MAR,Morocco,2015,0.1,162.85198975,,60.6417124737154,3146.24780273438,9.46
MAR,Morocco,2016,0.1,162.21507263,,60.9657656537179,3140.85546875,9.3
MAR,Morocco,2017,0.1,166.8500061,78.2157249451868,61.2761057031842,3296.52661132813,9.22
MAR,Morocco,2018,0.1,175.70518494,78.470919593794,61.5695822753314,3501.69799804688,9.272
MAR,Morocco,2019,0.1,178.73939514,79.3440512967066,61.8430450233765,3508.09765625,9.191
MAR,Morocco,2020,0.1,192.04043579,80.3087996541375,62.0933436005366,3268.0302734375,11.189
MAR,Morocco,2021,0.1,209.57344055,80.740396321068,62.3173276600289,3785.93627929688,10.551
MAR,Morocco,2022,0.1,201.81098938,84.4553724029251,62.5118468550703,3463.1376953125,9.413
MDG,Madagascar,2000,0.1,11.1882658,,25.0095755608264,280.282905559649,5.8
MDG,Madagascar,2001,0.1,13.13894939,,25.3079943968146,319.283278235657,5.35
MDG,Madagascar,2002,0.1,15.02957344,,25.6037489918904,304.941777398445,5.515
MDG,Madagascar,2003,0.1,17.64075851,,25.8967668078478,352.620095849925,5.01
MDG,Madagascar,2004,0.1,14.29298973,,26.1869753064804,272.20074858856,3.951
MDG,Madagascar,2005,0.1,15.9498682,20.3285102844238,26.4743019495822,305.812074924388,2.62
MDG,Madagascar,2006,0.1,16.44085503,22.8831806182861,26.7586741989468,324.146874882604,2.945
MDG,Madagascar,2007,0.2,19.33553123,25.2112007141113,27.0400195163682,419.548001431865,3.202
MDG,Madagascar,2008,0.2,20.91898537,27.4633598327637,27.31826536364,512.579800058444,3.431
MDG,Madagascar,2009,0.2,19.56957817,28.5682106018066,27.5933392025561,446.315238370592,3.885
MDG,Madagascar,2010,0.2,21.13975906,,27.8651684949103,450.009391645726,4.28
MDG,Madagascar,2011,0.2,22.88667488,34.1198081970215,28.1336807024963,506.163691559309,2.516
MDG,Madagascar,2012,0.2,19.30151749,35.3920151133501,28.3988032871081,493.511162904211,0.599
MDG,Madagascar,2013,0.2,19.33186913,,28.6604637105393,515.301589361832,0.995
MDG,Madagascar,2014,0.3,22.56570244,35.8148702330413,28.9185894345838,505.684922503435,1.385
MDG,Madagascar,2015,0.3,22.29386139,36.1207695007324,29.1731079210354,445.320069480568,1.785
MDG,Madagascar,2016,0.3,24.20793915,36.0765113830566,29.4239466316878,453.970714522463,1.949
MDG,Madagascar,2017,0.3,23.62072182,34.7709486382629,29.671033028335,491.866848718929,2.123
MDG,Madagascar,2018,0.3,21.12731934,34.6266095687665,29.9181125346909,500.45718552916,2.303
MDG,Madagascar,2019,0.3,15.50084877,32.8161749019587,30.3046972370204,499.818837622534,2.479
MDG,Madagascar,2020,0.3,16.78295326,,30.7019474167548,450.771615205157,3.292
MDG,Madagascar,2021,0.4,17.17938805,34.1320359801924,31.1137123216036,483.469463351195,3.498
MDG,Madagascar,2022,0.4,15.85809231,,31.5397813465886,504.059106969168,3.186
MLI,Mali,2000,1.7,14.00473022,15.6529197692871,18.977631037325,304.652870189314,1.412
MLI,Mali,2001,1.7,13.15901566,,19.3181950112665,346.224554248587,1.332
MLI,Mali,2002,1.6,15.89499378,,19.6792980362731,378.191678628068,1.36
MLI,Mali,2003,1.6,18.76944542,19.7679595947266,20.0594231247985,441.910358475171,1.272
MLI,Mali,2004,1.5,21.72010231,21.5015201568604,20.4570532892964,495.006294675661,1.413
MLI,Mali,2005,1.5,23.97353554,23.2651901245117,20.8706715422205,548.730382848879,1.367
MLI,Mali,2006,1.4,26.93190002,25.1828804016113,21.2987608960246,586.985415512593,1.395
MLI,Mali,2007,1.4,29.63545799,27.6904392242432,21.7398043631622,670.853394978069,1.372
MLI,Mali,2008,1.4,33.21391678,31.0381298065186,22.1922849560871,767.194838946144,1.383
MLI,Mali,2009,1.4,34.64731598,34.0355415344238,22.6557955217884,787.48256428259,1.406
MLI,Mali,2010,1.3,31.36436844,36.7189206176726,23.1359461824894,797.151541141189,1.375
MLI,Mali,2011,1.3,31.67968369,38.7492137225876,23.6379674039304,938.292902579598,1.403
MLI,Mali,2012,1.3,27.53120613,,24.1606168848588,872.506092463946,1.462
MLI,Mali,2013,1.2,30.06661987,39.2758121397099,24.7033626854883,901.920957649814,1.517
MLI,Mali,2014,1.2,35.7261734,41.2349114693214,25.2656728660325,947.915033293219,1.476
MLI,Mali,2015,1.2,28.97842216,38.9892238642006,25.847015486705,838.11986940103,1.404
MLI,Mali,2016,1.1,27.58086205,40.0999948578594,26.4468586077195,872.468587171653,1.367
MLI,Mali,2017,1.1,28.49467659,38.5485805738327,27.0646702892896,924.057531692284,1.498
MLI,Mali,2018,1.0,31.16962242,37.9832691019192,27.6999185916288,996.379292136901,1.62
MLI,Mali,2019,1.0,31.4089489,,28.3520715749509,971.949318638092,3.29
MLI,Mali,2020,0.9,28.20211601,,29.0205972994693,953.242943290974,3.528
MLI,Mali,2021,0.9,30.55883217,,29.7049638253978,1027.27345365357,4.006
MLI,Mali,2022,0.8,31.0949192,,30.4015705681899,976.914116406452,2.387
MOZ,Mozambique,2000,8.8,7.00877714,5.94095993041992,29.2423697311441,327.12623979157,2.832
MOZ,Mozambique,2001,9.4,8.53719139,6.66658020019531,29.4137097764239,304.792138621913,2.838
MOZ,Mozambique,2002,9.9,10.00207806,8.2307596206665,29.5686323334348,313.886661721198,2.902
MOZ,Mozambique,2003,10.3,11.03660774,,29.7146340268639,339.488737800648,2.857
MOZ,Mozambique,2004,10.6,14.12452602,10.5598001480103,29.8592114813982,400.056973161545,2.953
MOZ,Mozambique,2005,10.9,18.40718079,12.95458984375,30.0098613217248,436.773856167384,3.035
MOZ,Mozambique,2006,11.1,18.05057144,15.2163000106812,30.1740801725307,457.487647833183,3.037
MOZ,Mozambique,2007,11.3,19.29700851,17.9137401580811,30.3598131347122,507.874923914304,3.082
MOZ,Mozambique,2008,11.6,24.48562622,20.1720008850098,30.5625357695184,592.159111184122,3.112
MOZ,Mozambique,2009,11.8,27.68954468,22.9890193939209,30.7715592059159,547.697144193651,3.207
MOZ,Mozambique,2010,12.0,26.26061249,25.1208838457009,30.9861779822921,496.185839392659,3.259
MOZ,Mozambique,2011,12.3,30.42516136,26.0157578808472,31.2062230032794,618.17649286789,3.295
MOZ,Mozambique,2012,12.4,35.24672699,25.6446165136399,31.4315251735105,685.685748199513,3.304
MOZ,Mozambique,2013,12.6,41.5031395,34.4439086914062,31.6619153976179,686.505672517351,3.345
MOZ,Mozambique,2014,12.7,43.50259018,33.95458984375,31.8972245802342,697.142680444123,3.377
MOZ,Mozambique,2015,12.8,40.35658646,34.5285606384277,32.1372836259918,610.563774706589,3.426
MOZ,Mozambique,2016,12.9,31.85357285,,32.3819234395234,441.489734819071,3.65
MOZ,Mozambique,2017,12.8,36.75825882,37.2411918640137,32.6274411492675,470.93856305196,3.935
MOZ,Mozambique,2018,12.8,41.29206467,,32.9902559073541,517.507260258101,4.21
MOZ,Mozambique,2019,12.7,41.01906586,,33.4177241517032,519.09255091362,4.462
MOZ,Mozambique,2020,12.6,34.92252731,,33.9044006416285,462.433876479921,5.019
MOZ,Mozambique,2021,12.4,44.09894943,,34.4499259401554,509.907829475551,5.413
MOZ,Mozambique,2022,12.1,47.69813538,,35.0536638047945,578.273222184503,6.789
MRT,Mauritania,2000,0.7,23.00290108,18.0476703643799,38.0555858542174,680.911061879778,10.03
MRT,Mauritania,2001,0.7,23.28163338,20.5369300842285,38.1070763150421,651.817840199777,10.132
MRT,Mauritania,2002,0.7,25.96999741,20.5889301300049,38.3900378438208,648.879643934862,10.201
MRT,Mauritania,2003,0.7,29.51877594,21.539270401001,38.8866922319919,732.017820812675,9.911
MRT,Mauritania,2004,0.7,31.47280884,22.1136894226074,39.5685575664461,823.554457141893,9.77
MRT,Mauritania,2005,0.7,34.00539017,22.4629497528076,40.407151934074,998.96583416747,9.59
MRT,Mauritania,2006,0.6,35.14922333,23.1758899688721,41.3739934217664,1300.60367988659,9.313
MRT,Mauritania,2007,0.6,40.41820145,,42.4406001164139,1405.15016203368,9.482
MRT,Mauritania,2008,0.6,49.2858696,18.5803203582764,43.5784901049073,1635.5630623124,9.715
MRT,Mauritania,2009,0.5,44.64679718,20.0069904327393,44.7591814741371,1435.43010811893,10.214
MRT,Mauritania,2010,0.5,43.759655,20.4244003295898,45.9541923109942,1659.96369705455,10.093
MRT,Mauritania,2011,0.4,47.77469254,22.7523097991943,47.1350407023691,1931.19975525465,9.976
MRT,Mauritania,2012,0.4,49.2515831,27.0638964405956,48.2732447351525,1859.11733247641,9.864
MRT,Mauritania,2013,0.4,55.47412872,30.2620419125702,49.3553973225913,1936.26950446101,9.926
MRT,Mauritania,2014,0.3,59.39431381,30.6988232872483,50.4694791226856,1718.97089374709,10.026
MRT,Mauritania,2015,0.3,57.1233139,31.196307538775,51.6680350049622,1558.84205473416,10.104
MRT,Mauritania,2016,0.3,49.90084076,32.187587041888,52.9185627319946,1568.00551190332,10.287
MRT,Mauritania,2017,0.2,55.22446442,31.7565696757394,54.1970448502004,1617.93401542267,10.336
MRT,Mauritania,2018,0.2,49.68307495,35.5293425627344,55.1305077000081,1723.37809442655,10.411
MRT,Mauritania,2019,0.2,54.63365555,37.5793709898761,56.0596215779146,1767.072710621,10.416
MRT,Mauritania,2020,0.2,53.89974594,36.0277030077074,56.9836701058893,1795.72437324423,11.051
MRT,Mauritania,2021,0.2,73.6309433,,57.901535141641,1947.47413907209,11.131
MRT,Mauritania,2022,0.2,91.54125977,,58.8120996197226,1961.28166648869,10.52
MWI,Malawi,2000,15.3,8.84964848,31.0989303588867,14.6770603287659,224.22415918428,5.045
MWI,Malawi,2001,14.8,7.42542601,32.2248115539551,14.780400724713,215.474524898357,5.221
MWI,Malawi,2002,14.3,11.17413807,31.3253707885742,14.8722487440558,428.210439838398,5.248
MWI,Malawi,2003,13.6,12.3155899,,14.9551384691108,383.348596852642,5.165
MWI,Malawi,2004,12.9,15.94395351,28.9145393371582,15.0316039821946,404.674248445428,4.964
MWI,Malawi,2005,12.3,17.24028015,28.7130393981934,15.1041793656241,414.361121984475,4.935
MWI,Malawi,2006,11.8,20.95070648,30.5642108917236,15.1753987017157,440.822149023873,4.954
MWI,Malawi,2007,11.3,25.0216465,30.2626094818115,15.2477960727861,475.180261659331,4.876
MWI,Malawi,2008,11.1,32.73482132,32.6917381286621,15.3238029928378,554.048820396119,4.796
MWI,Malawi,2009,10.9,35.56456757,33.3515281677246,15.4015312766848,625.869729869625,4.732
MWI,Malawi,2010,10.7,33.99194336,33.6619814891638,15.4776969380518,683.124694716799,4.78
MWI,Malawi,2011,10.5,39.29234314,34.7371599213107,15.5523153908723,763.061000394572,4.829
MWI,Malawi,2012,10.3,32.53762817,34.8210140987042,15.6253133040464,558.46208832772,4.949
MWI,Malawi,2013,10.1,39.54008484,37.847295845447,15.6966173464742,496.947368267313,4.978
MWI,Malawi,2014,9.9,35.33760452,39.5435659506335,15.766154187056,529.5133440206,4.967
MWI,Malawi,2015,9.6,34.97310638,39.7291461793841,15.8338504946918,539.605363240686,4.953
MWI,Malawi,2016,9.4,34.0307579,38.1843681335449,15.899632938282,450.506105510719,5.011
MWI,Malawi,2017,9.0,37.60110092,39.6154222954854,15.9634281867266,495.769683367165,5.046
MWI,Malawi,2018,8.7,36.70302963,38.8324397802949,16.0221486554255,533.202567189331,5.021
MWI,Malawi,2019,8.3,36.91519165,35.5212672502146,16.1383746619001,580.889139762475,4.964
MWI,Malawi,2020,7.9,42.37881851,41.4565075090498,16.2961471756409,602.507478176106,5.72
MWI,Malawi,2021,7.4,46.41017532,35.8885917563293,16.4881925800694,617.446994451007,5.652
MWI,Malawi,2022,7.0,40.03453827,35.5084899925617,16.7146031979436,604.269740360317,5.02
NAM,Namibia,2000,13.4,217.55029297,63.7193412780762,32.1168956399877,2156.67590512714,20.3
NAM,Namibia,2001,13.7,201.46917725,67.4832611083984,32.8575058425719,1915.58926594875,21.009
NAM,Namibia,2002,13.8,187.86433411,66.1111907958984,33.6459301456028,1772.07565537493,21.538
NAM,Namibia,2003,13.8,278.70162964,65.2594223022461,34.5460063719633,2569.24739317883,22.104
NAM,Namibia,2004,13.6,373.46408081,64.5331420898438,35.5356476670033,3403.15496192955,22.09
NAM,Namibia,2005,13.4,402.20068359,63.1600494384766,36.5870014553064,3685.77299991587,22.108
NAM,Namibia,2006,13.3,437.56240845,62.1227416992188,37.6722151614564,4017.1834716928,21.848
NAM,Namibia,2007,13.2,493.60388184,62.7577209472656,38.763436210037,4379.04313682732,22.12
NAM,Namibia,2008,13.2,443.17068481,,39.8328120256318,4204.78555422749,22.005
NAM,Namibia,2009,13.1,420.74865723,,40.8524900328246,4302.91374148376,22.271
NAM,Namibia,2010,13.1,567.35003662,68.0998401813149,41.7946176561991,5418.21633365814,22.12
NAM,Namibia,2011,13.1,624.59814453,72.4541177178611,42.6276075621535,5834.7917675794,19.481
NAM,Namibia,2012,13.0,606.36633301,74.2465574610051,43.3804079185694,5942.64680978673,16.771
NAM,Namibia,2013,12.8,539.41345215,76.142480002464,44.1106769079132,5346.62131149967,19.028
NAM,Namibia,2014,12.6,452.2585144,76.7595646559311,44.8214248210559,5378.32326241205,18.521
NAM,Namibia,2015,12.4,476.50784302,78.2608012276393,45.5103554445325,4774.10650865775,20.791
NAM,Namibia,2016,12.1,409.78051758,79.2606097203135,46.1751725648784,4395.68776162376,23.352
NAM,Namibia,2017,11.8,447.95223999,79.5334606379175,46.8135799686288,5143.96072323076,21.748
NAM,Namibia,2018,11.5,457.6807251,78.8626899009705,47.4232814423189,5308.60813408705,19.877
NAM,Namibia,2019,11.1,419.14828491,79.0125016773938,48.0019807724839,4731.9210318831,19.929
NAM,Namibia,2020,10.6,370.81643677,82.8872992484077,48.547381745659,3878.58982993966,21.003
NAM,Namibia,2021,10.2,449.95172119,83.3329528489539,49.0571881483796,4412.8355693052,20.931
NAM,Namibia,2022,9.8,418.53683472,81.8163691171532,49.5291037671807,4349.79908493314,19.615
NER,Niger,2000,0.7,9.04467964,6.30063009262085,16.1307678222656,194.771959898935,1.427
NER,Niger,2001,0.7,9.68088055,6.231369972229,16.2687225341797,205.417936120931,1.47
NER,Niger,2002,0.6,10.84433079,6.28120994567871,16.2687206268311,225.294391147438,1.808
NER,Niger,2003,0.6,12.55038452,6.86678981781006,16.2687225341797,265.225363452469,2.145
NER,Niger,2004,0.6,14.06374931,8.35079956054688,16.2687225341797,283.468281798296,2.751
NER,Niger,2005,0.5,18.67140198,9.26323986053467,16.2687225341797,318.643121918273,3.1
NER,Niger,2006,0.5,19.9213028,10.6787004470825,16.2675724894628,333.345078419447,2.528
NER,Niger,2007,0.5,20.96952438,10.3014001846313,16.2641887037781,387.168065883301,2.021
NER,Niger,2008,0.4,24.86141586,10.6592998504639,16.2586706998252,475.044955398162,1.584
NER,Niger,2009,0.4,24.54927635,11.1999397277832,16.2511180003032,461.131533961487,1.208
NER,Niger,2010,0.4,23.47736168,12.8063202484136,16.2416301279116,474.425692340831,0.718
NER,Niger,2011,0.3,24.84123039,13.6643213754076,16.2303066053496,510.75956176268,0.316
NER,Niger,2012,0.3,22.71487427,14.8037867184503,16.2141284004355,528.510104469655,2.177
NER,Niger,2013,0.3,24.61338997,15.9596510320284,16.2162595696064,552.103334363117,1.401
NER,Niger,2014,0.3,25.09494019,17.8459505465436,16.2450424611665,565.30989731175,0.524
NER,Niger,2015,0.3,25.96905327,19.6922012498743,16.3035606587493,485.662574175279,0.556
NER,Niger,2016,0.2,22.68474007,22.6700395113082,16.3898280543236,499.910520068193,0.55
NER,Niger,2017,0.2,29.09627533,23.7611505662509,16.5036987906896,529.929418934868,0.556
NER,Niger,2018,0.2,30.61364555,,16.6449011799221,576.927536415462,0.536
NER,Niger,2019,0.2,31.89424324,,16.813146499685,541.265819870273,0.531
NER,Niger,2020,0.2,35.75537109,,17.0081420003794,575.451340306915,0.591
NER,Niger,2021,0.2,35.39406204,,17.2295936666686,609.585703670137,0.806
NER,Niger,2022,0.2,26.50681686,,17.477207007512,613.614736429298,0.403
NGA,Nigeria,2000,2.2,17.15887642,23.9613494873047,43.2785051250243,547.318298903379,3.953
NGA,Nigeria,2001,2.2,17.96053314,26.3999805450439,44.1262421418539,566.428231812933,3.9
NGA,Nigeria,2002,2.2,17.53752899,28.8738098144531,44.9793025536893,712.164852077686,3.669
NGA,Nigeria,2003,2.2,37.91439438,,45.8372080921761,763.388745367223,3.637
NGA,Nigeria,2004,2.2,42.81798172,33.9481201171875,46.6994804889599,962.48104194733,3.59
NGA,Nigeria,2005,2.1,52.24337006,33.7729187011719,47.5656414756863,1211.37703504386,3.727
NGA,Nigeria,2006,2.1,63.63072205,33.1262817382812,48.424271994461,1599.53891556365,3.749
NGA,Nigeria,2007,2.0,66.90659332,30.4232006072998,49.2357987173198,1815.52697545827,3.794
NGA,Nigeria,2008,2.0,77.45053101,33.6112785339355,50.0505212312351,2154.10543545364,3.792
NGA,Nigeria,2009,2.0,65.71811676,37.1381416320801,50.86453484762,1820.48633854782,3.763
NGA,Nigeria,2010,2.0,73.008255,41.7837982177734,51.6778188255446,2202.25672957344,3.744
NGA,Nigeria,2011,1.9,80.2377243,43.0239906311035,52.490352424079,2418.41316975875,3.77
NGA,Nigeria,2012,1.9,87.89523315,44.4557914733887,53.302114902293,2633.19734671361,3.761
NGA,Nigeria,2013,1.8,97.29588318,52.7967300415039,54.1130855192568,2872.79083379398,3.711
NGA,Nigeria,2014,1.8,102.39888763,42.7821502685547,54.9232435340404,3088.72131316169,3.9
NGA,Nigeria,2015,1.7,92.91207123,43.8246917724609,55.7325682057138,2585.73360671797,4.134
NGA,Nigeria,2016,1.7,75.52328491,39.3068084716797,56.541038793347,2070.4127339595,4.499
NGA,Nigeria,2017,1.6,70.31814575,,57.3486345560101,1876.34027111773,4.83
NGA,Nigeria,2018,1.6,63.60244751,40.4885292053223,58.1553347527729,2057.87944554011,5.069
NGA,Nigeria,2019,1.5,67.6254425,,58.9611186427056,3189.81286496183,5.206
NGA,Nigeria,2020,1.4,67.91384888,44.1220893859863,59.7659654848781,2797.184580679,5.714
NGA,Nigeria,2021,1.4,81.87322235,45.444938659668,60.5698545383604,2787.48779220991,5.404
NGA,Nigeria,2022,1.3,89.62958527,,61.3727650622225,2899.16047469267,3.827
RWA,Rwanda,2000,4.9,9.00399399,10.2389402389526,15.7804474645996,251.86926386091,11.699
RWA,Rwanda,2001,4.8,7.86746025,11.1507501602173,16.5487399668155,237.308846200901,11.732
RWA,Rwanda,2002,4.6,7.32393837,12.1046600341797,16.8778847116752,234.043016755733,11.432
RWA,Rwanda,2003,4.4,17.25927353,13.584939956665,16.8947432312369,249.012274982252,11.658
RWA,Rwanda,2004,4.2,20.23413277,15.3283996582031,16.9020099536792,269.540446333402,11.699
RWA,Rwanda,2005,4.1,25.02086639,16.4831008911133,16.9072114459454,324.016863847189,11.842
RWA,Rwanda,2006,4.0,27.1564312,18.1992893218994,16.9110139245047,352.093916578347,11.586
RWA,Rwanda,2007,3.9,33.50738907,20.3850002288818,16.9140836058266,420.733580702508,11.58
RWA,Rwanda,2008,3.8,39.94568634,22.1014308929443,16.9170867063804,522.288339420679,11.517
RWA,Rwanda,2009,3.7,43.99641418,26.5538196563721,16.9206894426355,556.97399621739,11.625
RWA,Rwanda,2010,3.7,47.96871567,32.4029083251953,16.9255580310614,586.599950359877,11.637
RWA,Rwanda,2011,3.6,51.64939499,36.6210098266602,16.9323586881273,643.356138618166,11.756
RWA,Rwanda,2012,3.5,57.26393127,39.662769317627,16.9410248882148,697.760143509565,11.671
RWA,Rwanda,2013,3.4,47.75388718,30.2092864949597,17.0742206053612,695.397140963607,11.768
RWA,Rwanda,2014,3.3,50.63835144,41.8218654918977,17.5020716539756,715.36808783393,11.837
RWA,Rwanda,2015,3.2,48.81296921,39.4099042857311,18.1953149858416,725.691418696952,11.831
RWA,Rwanda,2016,3.1,43.54212189,38.506238583342,19.1213951786548,721.258515833094,11.788
RWA,Rwanda,2017,3.0,40.76682663,39.6912128982215,20.2477568101111,751.049039527547,11.875
RWA,Rwanda,2018,2.9,42.11674881,41.1796940634956,21.5418444579064,772.754982959354,10.759
RWA,Rwanda,2019,2.7,39.81322098,44.0779032495009,22.9711026997362,823.355304065304,11.236
RWA,Rwanda,2020,2.6,45.15266418,,24.5029761132966,802.638686936204,11.829
RWA,Rwanda,2021,2.4,51.64677429,44.1820840550314,26.1049092762833,842.581492947672,15.775
RWA,Rwanda,2022,2.3,57.83102036,44.1547093958443,27.7806702737761,1007.05989322914,15.084
SDN,Sudan,2000,0.1,13.99440289,,32.3435880462815,362.116882324219,15.595
SDN,Sudan,2001,0.1,15.18372345,32.2981796264648,32.3760415318304,451.293304443359,15.56
SDN,Sudan,2002,0.1,16.70709991,32.1063385009766,32.4038820246832,506.262634277344,15.514
SDN,Sudan,2003,0.1,22.58504868,33.3529090881348,32.4271684741748,580.320251464844,15.515
SDN,Sudan,2004,0.1,29.30404472,36.5913009643555,32.4459598296403,705.113342285156,15.538
SDN,Sudan,2005,0.1,37.07490158,36.3686599731445,32.4603150404146,905.543640136719,15.545
SDN,Sudan,2006,0.1,55.32660294,34.6569290161133,32.4702930558327,1132.474609375,15.542
SDN,Sudan,2007,0.1,81.79016876,33.9691314697266,32.4759528252296,1444.37219238281,15.534
SDN,Sudan,2008,0.1,82.84276581,35.8935012817383,32.4816230749746,1527.58239746094,15.566
SDN,Sudan,2009,0.1,80.00441742,39.4921493530273,32.5774622972843,1178.22180175781,13.0
SDN,Sudan,2010,0.1,73.60398865,39.6667785644531,32.7174026591513,1305.63598632813,15.168
SDN,Sudan,2011,0.1,80.37197876,35.2129783630371,32.9059760141986,1332.6572265625,17.44
SDN,Sudan,2012,0.1,75.40776825,38.7272605895996,33.1425561614901,1019.22210693359,16.973
SDN,Sudan,2013,0.1,97.4931488,40.9434089660645,33.4264777958103,1138.62780761719,16.273
SDN,Sudan,2014,0.1,88.78498077,42.046989440918,33.7624582408117,1275.43835449219,15.41
SDN,Sudan,2015,0.1,93.69657135,42.5230712890625,34.0914394628597,1292.37963867188,14.39
SDN,Sudan,2016,0.1,89.39633942,40.9556007385254,34.1881958841213,1033.21594238281,13.656
SDN,Sudan,2017,0.1,67.75476837,43.0903282165527,34.2872225663509,966.505676269531,13.0
SDN,Sudan,2018,0.1,33.88366699,42.1366996765137,34.382054222005,731.027465820313,12.347
SDN,Sudan,2019,0.1,31.79406929,43.5378608703613,34.4727685824236,709.975280761719,11.697
SDN,Sudan,2020,0.1,22.91861534,,34.5594433789246,577.795227050781,11.995
SDN,Sudan,2021,0.2,21.69141006,,34.6421563427994,712.122009277344,11.087
SDN,Sudan,2022,0.2,25.75139618,,34.7209852053086,1046.24084472656,7.53
SEN,Senegal,2000,0.7,21.41570663,15.2092504501343,40.6667555531967,603.233162455158,2.638
SEN,Senegal,2001,0.7,23.45893669,15.5517797470093,40.8763420163126,637.213530563724,2.674
SEN,Senegal,2002,0.7,26.46221161,16.9281692504883,41.1081471561292,669.430447319209,2.82
SEN,Senegal,2003,0.7,35.14493942,,41.35893934855,817.888034221442,2.781
SEN,Senegal,2004,0.7,41.94406128,19.9657497406006,41.6248193895895,918.102079522155,2.775
SEN,Senegal,2005,0.7,36.00606155,22.2482490539551,41.9057599695838,979.846101520171,2.679
SEN,Senegal,2006,0.6,38.28113556,24.2208805084229,42.2046413043069,1017.20196747987,2.755
SEN,Senegal,2007,0.6,40.60185623,,42.524343609533,1188.93877808175,2.8
SEN,Senegal,2008,0.6,49.05390167,30.7020606994629,42.867747101036,1398.79218010021,2.816
SEN,Senegal,2009,0.6,50.27443314,,43.23773199459,1308.69404336205,2.807
SEN,Senegal,2010,0.5,51.38805008,37.1267013549805,43.6371785059692,1275.88357492357,2.795
SEN,Senegal,2011,0.5,57.93114853,42.6368983156004,44.0689668509475,1374.67591873844,2.853
SEN,Senegal,2012,0.5,56.61458969,46.4158677062967,44.5359772452989,1326.83798848379,3.896
SEN,Senegal,2013,0.5,60.51578903,49.0776594909389,45.0398750539456,1379.83196553924,5.012
SEN,Senegal,2014,0.4,61.40605545,50.546931380439,45.6020905341588,1398.89137601382,5.849
SEN,Senegal,2015,0.4,53.32304382,50.5380516052246,46.2747669629858,1218.00613555438,6.757
SEN,Senegal,2016,0.4,53.90053558,,47.0553579909929,1266.43957151587,4.455
SEN,Senegal,2017,0.4,56.49185944,,47.9338349639053,1354.77007193387,4.078
SEN,Senegal,2018,0.4,64.37467957,,48.9001692274485,1452.55612562445,3.453
SEN,Senegal,2019,0.3,64.33670807,44.4624552560012,49.9443321273477,1431.18128932159,2.863
SEN,Senegal,2020,0.3,75.16521454,44.7866297761573,51.0562950093282,1461.08720350553,3.432
SEN,Senegal,2021,0.3,71.12162781,45.1726204964815,52.2260292191155,1598.10676952274,3.436
SEN,Senegal,2022,0.3,63.44842529,45.3756792066535,53.4435061024348,1574.0281059306,2.837
SLE,Sierra Leone,2000,1.6,17.66835022,,35.5327867241975,143.743743239644,4.137
SLE,Sierra Leone,2001,1.7,19.32042122,25.5431499481201,35.763651295501,358.315716051546,4.235
SLE,Sierra Leone,2002,1.7,22.29375267,,36.0082791496616,388.995111216836,3.909
SLE,Sierra Leone,2003,1.7,21.7804718,,36.2690511597053,413.817607346927,3.879
SLE,Sierra Leone,2004,1.7,23.03477859,,36.5491283814755,417.749983329227,3.42
SLE,Sierra Leone,2005,1.7,26.04933357,,36.8485519672439,462.633324427945,3.734
SLE,Sierra Leone,2006,1.6,29.63347244,,37.1703805343647,580.26796974773,3.89
SLE,Sierra Leone,2007,1.6,31.90766907,,37.5122859420526,631.889926264998,4.022
SLE,Sierra Leone,2008,1.6,37.23431396,,37.8725951588418,705.359014080005,4.132
SLE,Sierra Leone,2009,1.6,39.29960632,,38.2496351532666,652.845806767943,4.268
SLE,Sierra Leone,2010,1.6,37.84529114,,38.6417328938613,685.039673490948,4.34
SLE,Sierra Leone,2011,1.6,49.6336174,40.4235687255859,39.0472153491602,761.146365577281,4.388
SLE,Sierra Leone,2012,1.6,51.99141312,44.5522918701172,39.4644094876975,937.504428180231,4.378
SLE,Sierra Leone,2013,1.6,84.93772125,39.2237892150879,39.8916422780075,1117.47183075115,4.376
SLE,Sierra Leone,2014,1.6,143.60603333,,40.3272406886245,1117.7586465721,4.678
SLE,Sierra Leone,2015,1.6,118.66024017,39.8463706970215,40.7669565187099,964.575980888989,4.483
SLE,Sierra Leone,2016,1.6,84.22316742,42.1386795043945,41.229411538771,844.416411175476,4.182
SLE,Sierra Leone,2017,1.6,47.37737274,41.5312194824219,41.7106682105058,779.186007841728,3.656
SLE,Sierra Leone,2018,1.6,44.82733536,43.119270324707,42.2011025267803,845.914540460932,3.192
SLE,Sierra Leone,2019,1.5,48.13619995,61.1980781555176,42.7018444914441,843.71251730417,3.204
SLE,Sierra Leone,2020,1.5,47.8861618,62.5606803894043,43.2129659123546,845.277558236182,3.509
SLE,Sierra Leone,2021,1.5,44.90049362,73.4251403808594,43.7345385973699,885.396401613729,3.551
SLE,Sierra Leone,2022,1.5,41.31875229,,44.2666343543487,860.371067874555,3.137
SOM,"Somalia, Fed. Rep.",2000,0.3,,,33.0596136927225,386.119274401275,18.678
SOM,"Somalia, Fed. Rep.",2001,0.3,,,33.5128183866634,244.914842538455,18.665
SOM,"Somalia, Fed. Rep.",2002,0.2,,,33.9872055053711,229.598918310039,18.658
SOM,"Somalia, Fed. Rep.",2003,0.2,,,34.4719665654476,286.273025198975,18.648
SOM,"Somalia, Fed. Rep.",2004,0.2,,,34.9620706047618,375.410326225387,18.653
SOM,"Somalia, Fed. Rep.",2005,0.2,,,35.4674928136211,439.979907805478,18.671
SOM,"Somalia, Fed. Rep.",2006,0.2,,,35.9982083823331,457.996662206659,18.705
SOM,"Somalia, Fed. Rep.",2007,0.2,,6.01468992233276,36.5641925012053,479.635628065289,18.687
SOM,"Somalia, Fed. Rep.",2008,0.2,,,37.1754203605454,507.03744334738,18.714
SOM,"Somalia, Fed. Rep.",2009,0.2,,,37.8418671506609,246.513251675105,18.724
SOM,"Somalia, Fed. Rep.",2010,0.1,,,38.5735080618592,219.202453852397,18.741
SOM,"Somalia, Fed. Rep.",2011,0.1,,,39.380318284448,235.325945610434,18.761
SOM,"Somalia, Fed. Rep.",2012,0.1,,,40.2722730087349,350.261946720512,18.771
SOM,"Somalia, Fed. Rep.",2013,0.1,12.88169384,,41.2593474250273,393.398703952979,18.655
SOM,"Somalia, Fed. Rep.",2014,0.1,13.15052128,,42.3515167236328,429.431656725102,18.595
SOM,"Somalia, Fed. Rep.",2015,0.1,14.11613941,,43.8618107408479,445.583080073396,18.495
SOM,"Somalia, Fed. Rep.",2016,0.1,11.76618958,,45.942842729174,460.928490585175,18.611
SOM,"Somalia, Fed. Rep.",2017,0.1,13.51753426,,48.3639630032265,510.939952317726,18.455
SOM,"Somalia, Fed. Rep.",2018,0.1,12.7819252,,50.9506215336872,509.497273804534,18.7
SOM,"Somalia, Fed. Rep.",2019,0.1,12.99074364,,51.6421170703225,539.954816211694,18.828
SOM,"Somalia, Fed. Rep.",2020,0.1,12.79912567,,52.286318011754,518.16113333875,19.414
SOM,"Somalia, Fed. Rep.",2021,0.1,15.01879692,,52.9060649733324,549.056994756254,19.662
SOM,"Somalia, Fed. Rep.",2022,0.1,16.31684875,,53.5010115886789,573.141165798229,19.112
SSD,South Sudan,2000,2.4,,,16.0428540117317,,12.309
SSD,South Sudan,2001,2.4,,,16.2559618671544,,12.278
SSD,South Sudan,2002,2.5,,,16.447645411794,,12.235
SSD,South Sudan,2003,2.5,,,16.6154472307377,,12.234
SSD,South Sudan,2004,2.5,,,16.7569099090725,,12.256
SSD,South Sudan,2005,2.4,,,16.8695760318857,,12.266
SSD,South Sudan,2006,2.4,,,16.9509881842643,,12.268
SSD,South Sudan,2007,2.3,,,16.9986889512954,,12.266
SSD,South Sudan,2008,2.3,,,17.0301141193955,1654.21153546555,12.298
SSD,South Sudan,2009,2.2,,,17.2937284639317,1323.22068747862,12.438
SSD,South Sudan,2010,2.2,,,17.535620199576,1498.27034985194,12.473
SSD,South Sudan,2011,2.1,,10.8023195266724,17.7817678106789,1448.98435006408,12.585
SSD,South Sudan,2012,2.1,,,18.0321885447664,1109.26050083408,12.803
SSD,South Sudan,2013,2.0,,,18.2868996493633,1650.18943353528,12.665
SSD,South Sudan,2014,2.0,,,18.5459183719929,1242.73450181032,12.561
SSD,South Sudan,2015,2.0,,11.5348100662231,18.8092619601773,1080.14718624765,12.464
SSD,South Sudan,2016,1.9,,,19.0769476614377,,12.854
SSD,South Sudan,2017,1.9,28.05690956,,19.3489927232944,,12.983
SSD,South Sudan,2018,1.8,31.12328529,,19.6254143932663,,12.853
SSD,South Sudan,2019,1.8,35.18021774,,19.9062299188719,,12.656
SSD,South Sudan,2020,1.7,47.40253067,,20.1914565476286,,14.246
SSD,South Sudan,2021,1.7,34.78803635,,20.4811115270532,,13.95
SSD,South Sudan,2022,1.6,48.03352737,,20.7752121046616,,12.475
SWZ,Eswatini,2000,24.2,76.93126678,43.3038711547852,22.8409330761997,1629.67038842815,24.547
SWZ,Eswatini,2001,25.2,75.41345978,43.7772598266602,22.7095619136459,1429.85630359447,25.24
SWZ,Eswatini,2002,25.9,74.66481781,44.738208770752,22.5690884303038,1315.73634647994,25.771
SWZ,Eswatini,2003,26.3,131.40959167,44.4690589904785,22.4312316968119,2015.21743065251,26.259
SWZ,Eswatini,2004,26.6,175.89544678,48.3460006713867,22.3077107838089,2525.5640452625,26.716
SWZ,Eswatini,2005,26.8,217.26066589,50.5027885437012,22.2102447619336,2871.06877437449,27.221
SWZ,Eswatini,2006,27.0,237.50752258,54.4987907409668,22.1505527018245,2964.95865200682,27.693
SWZ,Eswatini,2007,27.2,252.24301147,58.3698616027832,22.139989967508,3109.11097608864,28.24
SWZ,Eswatini,2008,27.5,265.72091675,,22.1692008829856,2946.8606613746,27.891
SWZ,Eswatini,2009,27.7,279.68212891,59.5709686279297,22.2343865624794,3189.79679956637,27.488
SWZ,Eswatini,2010,28.0,343.04284668,64.5977020263672,22.3330792067471,3922.74039390733,26.856
SWZ,Eswatini,2011,28.4,365.25265503,67.2353363037109,22.4634753665393,4225.06049411911,26.105
SWZ,Eswatini,2012,28.8,340.03012085,69.2019271850586,22.6237715926065,4224.54789174487,25.226
SWZ,Eswatini,2013,29.2,303.40438843,70.8080825805664,22.8121644356992,3949.94310039907,24.556
SWZ,Eswatini,2014,29.4,282.43395996,73.7052383422852,23.026850446568,3771.07228381938,23.931
SWZ,Eswatini,2015,29.3,250.71520996,76.2872772216797,23.2660261759632,3419.82276559528,23.431
SWZ,Eswatini,2016,29.0,226.41770935,82.023935767308,23.5278881746356,3238.17611961364,22.718
SWZ,Eswatini,2017,28.6,265.50152588,,23.8052004963161,3853.09956569679,24.543
SWZ,Eswatini,2018,28.1,292.33929443,,24.0579295404227,3972.65450620357,26.471
SWZ,Eswatini,2019,27.6,320.05084229,,24.3459549517751,3913.14577547336,28.222
SWZ,Eswatini,2020,26.9,236.99609375,,24.6652798922192,3466.56936278145,32.978
SWZ,Eswatini,2021,26.1,297.72213745,,25.0156180525173,3984.00229174306,34.153
SWZ,Eswatini,2022,25.2,284.75802612,,25.396682918542,3894.1620089869,36.472
TCD,Chad,2000,2.4,10.07452297,10.964280128479,21.6527690760484,163.121663683369,0.796
TCD,Chad,2001,2.4,11.64042854,12.6534004211426,21.6780982595188,194.32295331156,0.792
TCD,Chad,2002,2.3,18.01737785,13.4368200302124,21.7007762031515,219.061391951349,0.769
TCD,Chad,2003,2.2,18.0202446,14.8295497894287,21.7207031172239,289.087621122168,0.725
TCD,Chad,2004,2.2,27.74994278,15.217809677124,21.7377792120134,445.850767157087,0.672
TCD,Chad,2005,2.1,31.27608871,15.5320997238159,21.7519046977973,838.092107712557,0.663
TCD,Chad,2006,2.0,33.8651123,15.8697900772095,21.7629797848529,906.897260572747,0.716
TCD,Chad,2007,1.9,34.0423584,18.2909908294678,21.7709046834576,980.483531485103,0.839
TCD,Chad,2008,1.8,36.89921951,20.7904891967773,21.7755796038887,1166.36883453841,0.922
TCD,Chad,2009,1.8,34.82435226,22.7542705535889,21.7784396568755,1035.63719694254,0.943
TCD,Chad,2010,1.7,35.26005936,22.369271805704,21.8472378191095,1141.80069268412,0.911
TCD,Chad,2011,1.7,37.35868073,22.8224817551818,21.9558736797638,1308.1421872538,0.92
TCD,Chad,2012,1.6,36.20247269,22.1087903431339,22.1061904148178,1354.34344701937,0.886
TCD,Chad,2013,1.5,38.59413528,24.5326035474767,22.2975929852391,1304.88742971475,0.955
TCD,Chad,2014,1.5,42.16276169,22.8485794067383,22.5294513486009,1278.78981422494,0.984
TCD,Chad,2015,1.4,33.82092285,22.2454248795188,22.8011258828974,993.990730610869,1.032
TCD,Chad,2016,1.4,31.96038055,22.530490847167,23.1119734707179,861.831767630746,1.091
TCD,Chad,2017,1.3,29.9935894,20.5855678473561,23.461349471105,854.46120040098,1.132
TCD,Chad,2018,1.2,31.2043705,20.0021180694774,23.8486084924975,948.656629871231,1.135
TCD,Chad,2019,1.2,30.23690224,20.192877474143,24.2731047386633,893.336441643325,1.077
TCD,Chad,2020,1.1,37.73088074,,24.7341921795416,866.947814890409,1.695
TCD,Chad,2021,1.1,37.59156799,23.1541767734797,25.2312246423075,946.358500208374,1.53
TCD,Chad,2022,1.0,40.17007446,,25.7635558629694,966.036468278568,1.081
TGO,Togo,2000,3.7,13.0541811,31.6074600219727,33.0994844063309,440.420399069497,4.162
TGO,Togo,2001,3.7,13.04282379,34.4402694702148,33.5503635916513,426.883605884489,4.108
TGO,Togo,2002,3.6,14.65135479,38.4870300292969,34.0011370438307,479.438373869587,4.087
TGO,Togo,2003,3.5,17.7094574,40.5968894958496,34.4513989657696,579.728195854724,3.957
TGO,Togo,2004,3.4,18.62999153,41.9863700866699,34.9007435603688,604.311329116751,3.992
TGO,Togo,2005,3.3,20.9699707,44.2280082702637,35.3487650305291,595.200212014134,4.149
TGO,Togo,2006,3.2,22.74487495,46.0299682617188,35.795057579151,596.249203137762,4.229
TGO,Togo,2007,3.0,22.34309769,42.7597885131836,36.2392154091353,654.083697666439,3.822
TGO,Togo,2008,2.9,26.89384079,,36.6808327233827,771.351190404751,3.279
TGO,Togo,2009,2.8,28.3035717,,37.1195037247939,770.172869777254,2.847
TGO,Togo,2010,2.7,30.54597664,,37.5545882975638,750.323421086121,2.379
TGO,Togo,2011,2.7,34.41139603,52.7706298828125,37.9872305648732,834.14671980279,1.982
TGO,Togo,2012,2.6,35.40290833,,38.4194359598204,813.611525037432,2.029
TGO,Togo,2013,2.5,39.56414795,,38.8516767884103,885.698522723929,2.084
TGO,Togo,2014,2.4,41.96416092,,39.2839506458368,921.539748631461,2.141
TGO,Togo,2015,2.3,46.92110825,,39.7162551272934,813.894676975085,2.204
TGO,Togo,2016,2.2,50.8783493,,40.1485878279739,843.114204338675,2.968
TGO,Togo,2017,2.2,51.5464592,60.769472220228,40.5809463430719,872.076408845752,3.744
TGO,Togo,2018,2.1,52.43610382,,41.013328267781,942.480774393154,2.9
TGO,Togo,2019,2.0,48.85387421,,41.445731197295,917.718016777619,2.036
TGO,Togo,2020,1.9,52.75213242,,41.8781527268075,961.219781201934,2.231
TGO,Togo,2021,1.9,52.72237015,63.0669365853803,42.3105904515122,1076.29520076949,2.344
TGO,Togo,2022,1.8,55.79545593,,42.7332327975627,1071.61539220759,1.965
TUN,Tunisia,2000,0.1,111.01378632,72.4827117919922,63.6166653822584,2199.04465936314,14.94
TUN,Tunisia,2001,0.1,114.00454712,74.8093338012695,63.9541757453358,2235.71981624751,14.4
TUN,Tunisia,2002,0.1,124.64620972,76.4910736083984,64.2822554892505,2320.7723805785,14.55
TUN,Tunisia,2003,0.1,148.93447876,76.0593566894531,64.6055972687544,2725.8643148859,14.51
TUN,Tunisia,2004,0.1,167.27586365,80.0033264160156,64.9272741461338,3067.41936376975,14.23
TUN,Tunisia,2005,0.1,169.84550476,83.4392318725586,65.2340901739004,3146.8260743927,12.872
TUN,Tunisia,2006,0.1,178.82592773,85.9542694091797,65.5209809651521,3322.56933570096,12.51
TUN,Tunisia,2007,0.1,202.32022095,89.6093063354492,65.8000030517578,3726.91672935667,12.365
TUN,Tunisia,2008,0.1,230.50152588,91.0540390014648,66.0676053984361,4255.05008019523,12.444
TUN,Tunisia,2009,0.1,231.3591156,88.8368377685547,66.3362197875977,4080.09032448781,13.29
TUN,Tunisia,2010,0.1,240.75447083,88.1112289428711,66.6280059814453,4291.86120891575,13.049
TUN,Tunisia,2011,0.1,270.67507935,89.3414688110352,66.9191886197857,4420.64772206537,18.334
TUN,Tunisia,2012,0.1,270.29055786,,67.2098922729492,4297.26782454273,17.63
TUN,Tunisia,2013,0.1,284.64538574,87.2357025146484,67.4999542236328,4369.79345826358,15.934
TUN,Tunisia,2014,0.1,287.60955811,84.9663467407227,67.7524643379101,4458.97895464547,14.259
TUN,Tunisia,2015,0.1,249.46418762,85.7816009521484,67.8807907104492,4014.94773686432,15.159
TUN,Tunisia,2016,0.1,240.40258789,90.3264236450195,68.0623356528248,3847.80354448809,15.557
TUN,Tunisia,2017,0.1,223.85903931,,68.2877807617188,3619.03247319953,15.33
TUN,Tunisia,2018,0.1,215.418396,,68.5485240272509,3628.10366464236,15.459
TUN,Tunisia,2019,0.1,212.60031128,,68.8206382576031,3528.87213306798,17.153
TUN,Tunisia,2020,0.1,250.40145874,,69.1043166438476,3548.65363663803,17.651
TUN,Tunisia,2021,0.1,285.25247192,,69.3997523770568,3906.93926319391,16.632
TUN,Tunisia,2022,0.1,276.46380615,,69.707138648303,3707.29283414381,15.3
TZA,Tanzania,2000,6.1,12.33031845,,22.1944164040635,401.698150634766,3.129
TZA,Tanzania,2001,5.9,15.1739912,,22.5963228653037,396.638732910156,2.994
TZA,Tanzania,2002,5.7,17.0355854,,23.0306918214565,402.649047851563,3.023
TZA,Tanzania,2003,5.5,20.39437675,,23.5202087261949,422.18359375,3.053
TZA,Tanzania,2004,5.2,23.4493866,,24.0832469119457,450.385284423828,3.105
TZA,Tanzania,2005,5.0,27.71374512,,24.7061884538741,483.334869384766,3.193
TZA,Tanzania,2006,4.9,35.59762955,,25.3741033202009,475.746734619141,3.299
TZA,Tanzania,2007,4.8,36.23610306,,26.0720614791471,543.198303222656,3.023
TZA,Tanzania,2008,4.7,36.26182556,,26.7851328989335,675.977233886719,2.775
TZA,Tanzania,2009,4.6,33.9993782,,27.498387547781,693.823547363281,2.5
TZA,Tanzania,2010,4.6,37.18493271,31.8920497894287,28.1968953939105,736.530151367188,3.03
TZA,Tanzania,2011,4.6,37.75179672,,28.865726405543,775.392761230469,3.47
TZA,Tanzania,2012,4.5,41.99654007,,29.4878764597911,861.969909667969,3.223
TZA,Tanzania,2013,4.5,43.46931839,32.3857446198788,30.0725108782502,963.05712890625,2.93
TZA,Tanzania,2014,4.5,39.85456848,29.6310806274414,30.6443077170742,1022.74841308594,2.125
TZA,Tanzania,2015,4.5,33.27184296,26.090669631958,31.2061566592472,939.127319335938,2.009
TZA,Tanzania,2016,4.4,36.65267563,25.6429992626308,31.7577303242916,953.0107421875,1.931
TZA,Tanzania,2017,4.4,39.03767014,26.3711632016128,32.2987013317296,986.674011230469,1.854
TZA,Tanzania,2018,4.3,41.27171326,28.5933897410534,32.8287423010834,1023.10626220703,1.792
TZA,Tanzania,2019,4.2,39.97783661,30.1824263288684,33.3475258518752,1063.32250976563,1.735
TZA,Tanzania,2020,4.1,31.7036171,30.9205938581875,33.8547246036273,1117.41528320313,1.792
TZA,Tanzania,2021,4.0,37.53121185,28.231330871582,34.3500111758619,1159.85656738281,1.876
TZA,Tanzania,2022,3.9,35.93323135,,34.8234736377147,1207.52062988281,1.573
UGA,Uganda,2000,8.5,16.42602158,,11.6414758125187,258.050338731086,3.531
UGA,Uganda,2001,8.2,15.99579906,,11.9013889740088,236.021188853993,3.522
UGA,Uganda,2002,8.0,15.74441719,,12.202793574555,241.984688408335,3.5
UGA,Uganda,2003,7.7,14.23364067,,12.5904136719317,250.71543664681,3.6
UGA,Uganda,2004,7.6,18.60707474,19.1225490570068,13.1221118400615,292.38185796262,2.699
UGA,Uganda,2005,7.5,25.86819267,,13.7907239496723,330.405402707025,1.9
UGA,Uganda,2006,7.4,31.60310555,,14.5851520274647,346.518255310647,2.264
UGA,Uganda,2007,7.3,36.10126495,24.0911102294922,15.494298100139,401.389130865581,2.667
UGA,Uganda,2008,7.2,40.04308701,,16.5070641943955,472.842681495852,3.035
UGA,Uganda,2009,7.2,44.3670578,,17.6123523369348,798.947089938247,3.6
UGA,Uganda,2010,7.2,51.88574982,,18.7990645544572,823.488144282,3.623
UGA,Uganda,2011,7.1,55.2076683,,20.0561028736631,835.620060555838,3.523
UGA,Uganda,2012,7.1,55.03918457,,21.372369321253,795.222867553127,3.551
UGA,Uganda,2013,7.0,52.906353,,22.7367659239271,818.285427416713,1.91
UGA,Uganda,2014,6.9,50.957798,,24.1938503391826,896.054795546394,2.357
UGA,Uganda,2015,6.8,40.09843445,,24.9777856560427,862.934610355811,2.681
UGA,Uganda,2016,6.6,39.08125305,,25.6953567134098,752.696571725656,3.002
UGA,Uganda,2017,6.5,31.43818092,,26.4139260579546,765.218332297361,3.428
UGA,Uganda,2018,6.3,32.9515686,,27.1280475018884,792.16570022814,3.249
UGA,Uganda,2019,6.1,33.36559677,,27.8369781799403,822.171150036357,3.057
UGA,Uganda,2020,5.8,44.73381805,,28.5399752271502,845.766463890124,3.819
UGA,Uganda,2021,5.6,51.03484726,,29.2362957789022,882.791717542504,3.416
UGA,Uganda,2022,5.4,44.47286224,,29.9251969709665,963.067314117178,2.885
ZAF,South Africa,2000,13.8,236.08114624,74.3193817138672,56.2589954883628,3217.84693448467,22.788
ZAF,South Africa,2001,14.5,202.81065369,73.9493103027344,57.0014339378269,2847.15191945908,22.652
ZAF,South Africa,2002,15.1,179.5135498,74.4450225830078,57.6723587528482,2688.23676032806,22.579
ZAF,South Africa,2003,15.5,286.01998901,75.5357818603516,58.3724341232066,4062.21755993786,22.679
ZAF,South Africa,2004,15.8,362.28662109,78.2966613769531,59.0977390950102,5221.46333731721,22.567
ZAF,South Africa,2005,16.1,400.5355835,80.4203414916992,59.8241758378997,5836.87663325127,22.472
ZAF,South Africa,2006,16.3,417.91174316,83.7833480834961,60.5276465215157,6077.38293388876,22.304
ZAF,South Africa,2007,16.6,455.17498779,85.5366287231445,61.1840533154988,6591.85535960564,22.26
ZAF,South Africa,2008,16.8,442.10626221,84.0473480224609,61.7692983894896,6184.75474328399,22.407
ZAF,South Africa,2009,17.1,487.62774658,85.9605407714844,62.2592839131287,6374.70560042992,23.523
ZAF,South Africa,2010,17.4,621.41906738,86.5922045596808,62.6299120560569,7973.47195771517,24.683
ZAF,South Africa,2011,17.7,686.87243652,88.9442291259766,62.850627754452,8646.05571071635,24.639
ZAF,South Africa,2012,17.9,646.49920654,92.1625137329102,62.9616560303263,8076.97678479741,24.727
ZAF,South Africa,2013,18.1,593.80157471,,63.0524024097034,7331.65467384919,24.561
ZAF,South Africa,2014,18.3,539.30780029,101.163200378418,63.1352327065742,6856.73137092522,24.89
ZAF,South Africa,2015,18.5,491.90652466,104.622812990742,63.2096349937231,6112.27382485974,25.149
ZAF,South Africa,2016,18.6,456.56936646,103.855987548828,63.2750973439347,5651.20585165749,26.536
ZAF,South Africa,2017,18.6,527.52026367,105.623168945312,63.3311078299936,6618.33508255701,27.035
ZAF,South Africa,2018,18.6,558.80145264,101.399612936693,63.3771545246841,6914.1780318076,26.906
ZAF,South Africa,2019,18.5,538.80438232,103.78912033531,63.4127255007908,6533.71121032856,28.468
ZAF,South Africa,2020,18.4,503.46759033,103.501178102472,63.4373088310982,5580.60383075189,29.217
ZAF,South Africa,2021,18.2,592.9465332,106.443303990911,63.4503925883909,6828.75624590017,34.007
ZAF,South Africa,2022,17.9,570.48028564,104.535066506498,63.4766699210327,6534.24867783397,33.268
ZMB,Zambia,2000,13.5,14.80953312,,35.8735460960387,359.429500988221,12.93
ZMB,Zambia,2001,13.2,18.94953918,,35.8846482932758,396.548952993504,13.404
ZMB,Zambia,2002,12.9,23.19246864,,36.0706035730014,393.864625518616,14.131
ZMB,Zambia,2003,12.6,26.75762367,,36.3858560115875,446.290104839041,14.704
ZMB,Zambia,2004,12.3,29.99057961,,36.8035881130253,548.685974566277,15.332
ZMB,Zambia,2005,12.1,44.99598694,,37.2969823813059,710.982068171696,15.9
ZMB,Zambia,2006,11.9,58.68175507,,37.8392213204204,1051.71714895686,13.229
ZMB,Zambia,2007,11.7,51.02414322,,38.4034874343601,1118.73162626953,10.559
ZMB,Zambia,2008,11.7,61.82287216,,38.9629632271162,1375.50211006997,7.93
ZMB,Zambia,2009,11.7,59.38909531,,39.4908312026796,1136.24168316848,10.583
ZMB,Zambia,2010,11.7,59.98767853,,39.9558857709992,1451.10616017155,13.19
ZMB,Zambia,2011,11.7,64.3181076,,40.3684491825881,1624.86817763443,10.548
ZMB,Zambia,2012,11.8,69.17604828,,40.7698556821596,1710.05061343728,7.85
ZMB,Zambia,2013,11.8,83.29361725,,41.1682266235825,1820.71854827391,7.272
ZMB,Zambia,2014,11.9,65.39261627,,41.5634741658525,1707.48573136694,6.576
ZMB,Zambia,2015,11.9,57.38765335,,41.9555104679652,1295.87788680068,5.951
ZMB,Zambia,2016,11.8,55.39532089,,42.3442476889162,1239.08527877713,5.244
ZMB,Zambia,2017,11.8,70.93283844,,42.7295979877011,1483.46577328065,4.529
ZMB,Zambia,2018,11.7,69.82767487,,43.1114735233156,1463.89997855593,5.032
ZMB,Zambia,2019,11.5,85.02349854,,43.4897864547552,1258.98619844462,5.538
ZMB,Zambia,2020,11.1,60.01779938,,43.8644489410157,951.644316655957,6.032
ZMB,Zambia,2021,10.7,74.83802795,,44.2353731410926,1127.16077872857,5.197
ZMB,Zambia,2022,10.3,75.40128326,,44.5988511178469,1447.12310138035,5.993
ZWE,Zimbabwe,2000,25.8,,40.0179290771484,32.3991568853313,562.833757496076,5.685
ZWE,Zimbabwe,2001,24.5,,42.1351890563965,32.4999278382836,566.388746448872,5.313
ZWE,Zimbabwe,2002,23.2,,41.4578285217285,32.5631884166934,524.936478570323,5.005
ZWE,Zimbabwe,2003,21.9,,39.1011009216309,32.6003372313948,468.471932927213,4.738
ZWE,Zimbabwe,2004,20.6,,,32.6278168233873,469.719298949304,4.39
ZWE,Zimbabwe,2005,19.5,,,32.6482709722903,461.271387547912,4.632
ZWE,Zimbabwe,2006,18.6,,,32.6640794641194,431.034994414964,4.767
ZWE,Zimbabwe,2007,17.8,,,32.67762208489,413.521244592925,5.008
ZWE,Zimbabwe,2008,17.1,,,32.6912786206175,340.917447588572,5.401
ZWE,Zimbabwe,2009,16.6,,,32.7074288573175,735.821693871697,5.476
ZWE,Zimbabwe,2010,16.3,94.44809723,,32.7284525810054,902.010759067388,5.469
ZWE,Zimbabwe,2011,16.0,83.82868195,,32.7567295776968,1037.77565157218,5.368
ZWE,Zimbabwe,2012,15.6,85.69155121,75.8648109767885,32.7931752128328,1239.22709745709,5.057
ZWE,Zimbabwe,2013,15.3,96.86148834,52.4158515930176,32.9019343169941,1362.99498323368,4.948
ZWE,Zimbabwe,2014,14.9,111.61201477,,33.1628075970801,1372.91526173161,4.774
ZWE,Zimbabwe,2015,14.5,103.31652832,,33.5612641766874,1387.12632595026,5.399
ZWE,Zimbabwe,2016,14.1,102.15909576,,34.0799460726314,1408.13945253431,5.896
ZWE,Zimbabwe,2017,13.6,91.87199402,,34.7014953017273,3445.44941020134,6.35
ZWE,Zimbabwe,2018,13.1,114.76815033,,35.4085538807905,2270.89531874302,6.788
ZWE,Zimbabwe,2019,12.5,55.10725403,,36.1837638266364,2184.52155388801,7.373
ZWE,Zimbabwe,2020,12.0,51.14250565,,37.0097671560802,2059.63704025274,8.617
ZWE,Zimbabwe,2021,11.5,60.89874268,,37.8692058859373,2613.6167414057,9.54
ZWE,Zimbabwe,2022,10.9,68.90727997,,38.7055207169041,2536.40197087505,10.087
